source,target
A Day Carved From Rising Winds,风起之日
Aubade of Morningstar and Moon,晨星与月的晓歌
Prune,布伦妮
Levi,莱维
Philomena,菲洛梅娜
Hannelore,汉娜洛蕾
Miss Lady Poodle,「淑女犬小姐」
Zompaynco,祖潘科
Ilmari,伊尔玛里
Hark the Crackjaw,「裂颚」哈尔克
Hiram,海勒姆
Kurierka,库莉艾卡
Derwent,德文特
Atlas,阿特拉号
Intel Exchange,情报交易
The Haunted Pirate Shipwreck,闹鬼的海盗船残骸
Chance Commission,偶现之委托
The Disturbance Caused by Theft,货物失窃引发的骚乱
The Suspicious Hermit,形迹反常的隐士
Minor Commission,小委托
Rapid Capture,速摄快镜
A Robust Theoretical Discussion,激烈的开端理论
Petit Lumiere,小露米埃尔
Melies,梅里爱
Encirclement of Bullets and Silk,枪弹与丝线的合围
Toys for the Children,留给孩子们的「玩具」
Nakano,中野
Obata,小畑
Kageyama,荫山
Ebina Gonshirou,海老名权四郎
Chitose,千世
Hiromi,广海
Kurisu,久利须
Werner,韦尔纳
Keijirou,庆次郎
Yamashiro Kenta,山城健太
Karpillia,卡琵莉亚
Kaede,枫
Ryouko,凉子
Qiuyue,秋月
Vahid,瓦希德
Sasano,笹野
Tingting,婷婷
Yegor,叶戈尔
Xixi,西西
Kaiser,凯撒
Robert,罗伯特
Chiba,千叶
Yurika,百合华
Kobayashi,小林
Shinnojou,新之丞
Yokoyama,横山
Sasaki,佐佐木
Hiiragi Chisato,柊千里
Hiiragi Shinsuke,柊慎介
Shinozuka,篠冢
Saimon Jirou,柴门二郎
Futaba,双叶
Saimon Eri,柴门惠理
Saimon Katsumi,柴门克巳
Konda Densuke,绀田传助
Imatani Saburou,今谷三郎
Takeru,小猛
Tejima,手岛
Inagi Hotomi,稻城萤美
Yamada,山田
Enyashi Yukari,缘谷紫
Kanra,甘乐
Gendou Ringo,玄冬林檎
Momoyo,百代
Kano Nana,鹿野奈奈
Riku,陆
Miyuki,阿幸
Hirotatsu,宏达
Hirano,平野
Madarame Hyakubei,斑目百兵卫
Toda,户田
Furuta,古田
Koharu,小春
Yasuda,安田
Wakamurasaki,若紫
Kujirai Momiji,鲸井椛
Hirohiko,博彦
Sanden,三田
Murakami,村上
Takami,高美
Andou,安藤
Midori,小绿
Kouichi,宏一
Kurosawa Kyounosuke,黑泽京之介
Atsuko,竺子
Michiru,满
Yoh,曜
Nishiguchi,西口
Yamaue,山上
Tokunaga,德长
Naganohara Ryuunosuke,长野原龙之介
Hajime,阿创
Amenoma Tougo,天目十五
Kiminami Anna,木南杏奈
Ryuuji,龙二
Sango,珊瑚
Domon,土门
Nanako,菜菜子
Aratani,荒谷
Kuroda,黑田
Junkichi,顺吉
Shigeru,阿茂
Amano,天野
Shouta,翔太
Sanada,真田
Aoi,葵
Kozue,梢
Heihachi,平八
Ramsay,拉姆齐
Taroumaru,太郎丸
Nobumori,信盛
Nakanishi,中西
Shimura Kanbei,志村勘兵卫
Yayoi Nanatsuki,弥生七月
Tomoki,智树
Furuya Noboru,古谷升
Yukio,幸雄
Tang Wen,汤雯
Yuzu,柚子
Rie,梨绘
Matsumoto,松本
Mikoshi Genichirou,御舆源一郎
Oda Tarou,太田太郎
Ogura Mio,小仓澪
Takeda,武田
Satou,佐藤
Uesugi,上杉
Owada,大和田
Kujou Kamaji,九条镰治
Inoue,井上
Yata Kouki,矢田幸喜
Watanabe,渡边
Ikeda Soushirou,池田总四郎
Mikoshi Genjirou,御舆源次郎
Naoe Hisamasa,直江久政
Matsukawa Souzen,松川宗全
Takatsukasa Tomohide,鹰司朝秀
Mikawa Akane,三河茜
Shima Masaoki,岛政兴
Asakura,朝仓
Takeshi,毅
Saizou,才藏
Nagaoka Hidemitsu,长冈秀满
Sumida,墨田
Susan,苏珊
Takuya,卓也
Yae Publishing House,八重堂
Chuyu Trading Company,楚瑜商行
Eipekkusu,天顶屋
Kuminami Restaurant,木南料亭
Tsukumomono Groceries,九十九物
Yayoi Lacquerware,弥生漆器
Ogura Textiles & Kimono,小仓屋
Maukie,莫基
Estragon,埃斯特拉冈
Lilian,莉莲
Tyutcheva,秋特切娃
Annick,安妮克
Benthem,本瑟姆
Uchida Kotaro,内田幸太郎
Genna,盖纳
Leopoldine,莉奥波汀
Herne,赫恩
Dmitriev,狄米特列夫
Aukai,加奥凯
Eisenhardt,爱瑟海黛
Insigne,因薛尼
Lietzberg,列兹伯格
Patricia,帕特里西亚
Finn,芬恩
Koch,科赫
Ursula,乌苏拉
Herstal,赫斯塔尔
Gunther,君特
Lindemann,林德曼
Matthaus,马萨欧斯
Andreas,安德烈亚斯
Groovy,古洛韦
Roswitha,罗丝薇莎
Yangzhen,杨轸
Frith,菲乐丝
Hafner,哈夫纳
Alodia,艾萝蒂
Linus,莱纳斯
Rosenthal,洛森莎尔
Irmgard,艾玫嘉
Odolf,奥多夫
Winslow,温斯洛
Mann,曼恩
Lipphart,莉普哈特
Haupmann,霍普特曼
Zeitlind,彩特琳德
Raumhilda,劳姆希尔妲
Nihilita,尼西里塔
Dex,小右
Dexer,德克斯特
Melanta,梅兰塔
Istoria,伊斯托利亚
Josephus,乔瑟夫斯
Soga Sumidaryu Sakon Shigehira,曾我隅田流左近重衡
Castiglione,卡斯蒂廖内
Amoxcihuatl,阿穆茜华莉
Daozi,道子
Kanou,狩野
Yoshitoshi,芳年
Bosch,博斯
Venipi,维尼皮
Vitruvius,维特鲁威
Kshama,柯莎玛
Calcerius,卡塞留斯
Okikuni,兴邦
Yu Huangyi,虞黄衣
Quiauhquetzal,葵娅乌赫奎扎尔
Diotima,狄奥提玛
Tosalis,托萨利斯
Parmenides,巴曼尼德
Vindia,薇恩狄娅
Mr. Gray Cat,「灰猫先生」
Miss Tabby,橘猫子姐
Congshen,丛沈
Flins,菲林斯
Linnea,莉奈娅
Lumi,露米
Alzbeta,爱兹别妲
Voitto,沃伊图
Czeslawa,捷什菈娃
Slawomir,泽拉沃米尔
Ilze,伊尔洁
Iku-Turso,伊库·图尔萨
Fluffy,绒绒大王花
Mamala,玛玛拉
Reed Miller XIII,雷德·米勒十三世
Celaeno,刻莱诺
Haemus,赫姆斯
Viliana,薇莉亚娜
Gorynishche,戈里尼什青
Plume of the Fall Watcher,堕天的落羽
Domain Keeper,领域守护者
Churldric,丘尔德里克
Maha Vasudevayaputra,摩诃婆苏提婆耶弗太子
Watcher: Fallen Vigil,守望者·堕天
Sugar Sculpture: Linnea,糖雕·莉奈娅
Harbor Fish Burger,海港鱼鱼堡
Iridescence Under the Tree's Shade,树荫下的虹彩
Windrest Flower,风息花
Memory Factors,摹忆因子
Anemo Treasure Compass,风之寻宝罗盘
Segment-domain Treasure Compass,切片轄域寻宝罗盘
Snow Fox,雪狐
Vila,风仙
Domovoy,矮灵
Leshy,树妖
Volkodlak,兽怪
Snegovik,雪精
Jack Frost,霜精
Lantern Fae,灯之妖精
Sirens,海妖
Augury Birds,谶鸟
Millhaven,风车镇
Old Sanatorium Site,疗养院旧址
Windrest Peak,风息山
Segument-Domain Tau,切片轄域·陶
Temple of Space,空之神殿
Path of the Forgotten World,遗世之路
Pillar Haill Central Zone,柱殿中央区
Mahavaipulya Chamber,大方广
Desert Pavilion,沙上楼阁
Luyang Academy,麓阳书院
Apathic Interval,无想之间
Cage of Suchness,非有非无之笼
Curatorium of Secrets,秘闻馆
Alcor-class No.2,死兆星级二号舰
Fruity Order,秩序水果团
The Golden Beagle,黄金猪犬号
Forest Boar Pauses for the Bloom,山有林猪粗嗅花
Winds Beneath the Tower of Silence,寂静之塔下的风向
Magic Mountain Temple of Space,魔山
The Wind Has Ceased,风停了
Paradise,天堂
A Day the Grand Temple Inscribed with Ages,圣殿的一日春秋
Long Live Life,生命万岁
Unofficial Chronicle of the Desert Pavilion,「沙上楼阁」稗记
Counterfeit Classics,赝作古典
Hell,地狱
Lion's Celerity,狮子奋迅
Judgment,审判
The Final Judgment,最后的审判
Alcyon Chapter,启喻鸟之章
Etherwing Moth,空羽蛾
Jeweled Flaming Hilt,宝饰的焰剑
Fractured Flaming Hilt,残失的焰剑
Faded Flaming Hilt,失色的焰剑
Golden Frostbound Oath,霜结的誓金枝
Surveying & Mapping Studies,測定摹绘研学
Where Waves Meet the Reef,礁与浪的相逢
Fire Support Assault,火力遥援突击战
Thwack'n Smack Defense Bots,劈里啪啦守卫团
Pneumoisia Barrage Countermeasure,芒荒彈雨响應法
A Commission From the Curatorium of Secrets,来自秘闻馆的委託
Elowen,埃洛雯
Tres,特雷斯
Raya,阿娅
Neb,阿诺
Ati,阿提
Ashvapati,阿梵波谛
Lakkaberry (character),白灵果(角色)
"""Ruthless Calla Lily""",残酷嘟嘟莲
Fassbender,法斯宾德
Wislawa,维斯菈娃
Nkrumah,恩胡马
Gongmiao,龚妙
Huoxiang,霍香
Zhiyao,志遥
Fengyun,丰运
Stone Stool,石墩儿
Seahawk,海鷹
Crimson Staff,赤红一杵
Sightseeing With Friends,灵蕈旅记
Operation Stronghold Defense,据点防卫总动员
Marine,玛因
Blue Bolt,青霆
Sproutie,洋葱尾巴
Jacques,杰克(枫丹)
Diona Kätzlein,迪奥娜·凯茨莱茵
Cyrus(Mondstadt),塞琉斯
Margaret,玛格丽特
Ellin,艾琳
Timmie,提米
Ella Musk,艾拉·马斯克
Dr. Livingstone,利文斯通博士
Dr. Edith,艾迪丝博士
Huffman Schmidt,霍夫曼·施密特
Reckless Pallad,冒失的帕拉德
Wagner,瓦格纳
Schulz,舒茨
Glory,葛罗丽
Godwin,古德温
Nantuck,楠塔克
Marjorie,玛乔丽
Sansa,莎莎
Harry,哈里
Vind,芬德
Lorgar,洛伽
Marla,玛拉
Marvin,玛文
Sharp,锋
Doolan,杜兰
Patchi the Curious,好奇的帕琪
Chloris,克罗丽丝
Lynn,琳
Ematol,艾玛托
Phonia,方妮雅
Sage(Mondstadt),萨基
Rosemary,罗斯玛丽
Parsley,帕斯里
Swan,斯万
Lawrence,劳伦斯
Ulfr,乌尔法
Mtwa,穆托瓦
Jones,琼斯
Arthur,阿瑟尔
Guy,盖伊
Flora,芙萝拉
Donna,唐娜
Prince,「小王子」
Shuyun,恕筠
Makri,马克利
Nanaya Yuumi,七夜由美
Gary,伽禄
Atra,阿特拉
Belén,贝莲
Sara,莎拉
Eury,优律
Norma,诺玛
Blanche(Mondstadt),布兰琪
Alfry,艾尔菲
Mikhail,米哈伊尔
Lyudmila,柳德米拉
Anna,安娜
Anthony,安东尼
Luke,卢克
Herman,赫尔曼
Athos(Mondstadt),阿托
Porthos,波尔托
Wyratt,威拉格
Wood,伍德
Vile,薇尔
Grace,葛瑞丝
Susie,苏西
Monroe,门罗
Sayid,萨义德
Aramis,阿拉米
Otto,奥特
Albert,艾伯特
Miles,麦尔斯
Charles,查尔斯
Six-Fingered José,六指乔瑟
Quinn,昆恩
Helen,海伦
Beatrice,贝雅特丽奇
Nimrod,宁禄
Xi'er,喜儿
Shiliu,石榴
Jack,杰克(蒙德)
Will,小威
Jill,小吉
Mack,麦克
Hopkins the Marvelous,神奇的霍普金斯
Old Finch,老芬奇
Jotun,约顿
Allan,艾伦
Olaf,奥拉夫
Brook,布洛克
Pepe,佩佩
Myweiss,梅薇丝
Farrah,法拉
Wyatt,怀尔德
Ross the Quick,快腿罗斯
Ernest,恩内斯特
Connor,康纳
Moco,摩可
Hillie,海莉
Tunner,特纳
Elzer,埃泽
Stevens,史蒂文斯
Iris(Mondstadt),玉霞
Harris,哈里斯
Joserf,乔瑟夫
Joel,乔尔
Manly Jack,男子汉杰克
Pavel,帕维尔
Cyrus(Sumeru),居勒什
Floral Whisper,花语
Mondstadt General Goods,蒙德百貨
Rostam,鲁斯坦
Wolf Pup,幼狼
Arundolyn,艾伦德林
Lion of Light,光之獅
Lohen,洛恩
Roland,罗兰
White Knight,純白骑士
Bloodstained Knight,血染黑的骑士
Virtanen,沃尔塔宁
Vytautas,维道塔什
Elixir of the Heretic,异端的瓶剂
Mask of the Virtuous Doctor,医的假面
Madman's Restraint,狂人的约束
Remnant of the Dreadwing,魇翼枯骸
Prismatic Severed Tail,棱光的断尾
Radiant Moongecko,蕴光月守宫
Golden-Tempered Jade,淬金冷玉
Hearty Indulgence,「酣畅」
A letter Carried by the Wind,由风捎来的信
Varka's Secret Stash of Cash,法尔伽的私房钱
Lupus Majoris Chapter,天狼之章
Gest of the Mighty Wolf,狼的武功歌
Phantasmal Gift: Star Omen,幻礼·星兆
Travelers' Tales: Moongaze Chapter,游逸旅闻·望月之章
"Homeward, He Who Caught the Wind",捕风的归客
Echoes of Memory,错忆寻迹
Favonius Falcon's Recon Log,西风迅鷹侦战录
A Chat Over Fine Drinks,闲叙邀佳酌
Lionfang's Radiant Onslaught,狮牙辉影疾斗
Eija,耶嘉
Vesper,灰郁香
Hedwig,赫得蔚格
Glenfidia,格兰菲狄
Horken,霍肯
Valerina,瓦乐瑞娜
Helene,伊莲
Dunkhas,敦克哈斯
Elishka,埃利什卡
Dandy,丹迪
Madame Ping,萍姥姥
Uncle Tian,天叔
Wang Ping'an,王平安
Starsnatcher,掇星攫辰天君
Chef Mao,卯师傅
Bao'er,宝儿
Verr Goldet,菲尔戈黛特
Huai'an,淮安
Smiley Yanxiao,言笑
Jiangxue,江雪
Jiawei,嘉玮
Ying'er,莺儿
Shitou,石头
Lan,岚姐
"Hanfeng, ""Cold Blade""",寒锋
Master Zhang,老章
Jifang,纪芳
Tea Master Liu Su,茶博士刘苏
Fan Er'ye,范二爷
Soraya,索拉雅
Jinwu,瑾武
Yuehui,玥辉
Muning,沐宁
Zhiqiong,志璇
Taliesin,塔列辛
Khedive Pursina,海迪夫·普尔希纳
Clitopho,克里托夫
Uncle He,何爷
Zhihu,志华
Gou San'er,狗三儿
Linling,霖铃
Captain Wu,吴船长
Degui,德贵
Zhiruo,芷若
Su Er'niang,苏二娘
Freki,弗莱琪
Geri,杰里
Chen the Sharp,快刀陈
Iron Tongue Tian,田铁嘴
Dongsheng,东升
Granny Shan,阿山婆
Tai,阿泰
Qian,乾子
Chuyi,楚仪
The Halberd,戟
The Fang,牙
Ferrylady,摆渡人
Ixkotii,伊柯蒂
Changshun,长顺
Yi Zhu,一柱
Yi Xian,一弦
Tiantian,甜甜
Linlang,琳琅
Qiming,绮命
Nadia,娜蒂亚
Vlad,弗拉德
Ekaterina,叶卡捷琳娜
Andrei,安德烈
Xingxi,星稀
Xu,阿旭
Licai,璃彩
Yueshu,月疏
Xiuhua,秀华
Ivanovich,伊凡诺维奇
Bolai,博来
Bu'yun,步云
Gentry De'an,德安公
Huixin,慧心
Herbalist Gui,阿桂
Shuzhi,淑之
Uncle Liu,老刘伯
Bluffy,阿直
Mr. Zhu,朱老板
Dummy,阿笨
Granny Ruoxin,若心
Ms. Bai,小白
Yundan,云淡
Uncle Ghast,鬼伯伯
Little Yi,阿义
Master Lu,路爷
Little Liu,小六
Little You,阿佑
Pan Guan'er,判官儿
Pops Zhou,老周叔
Aunt Qiao,乔姨
Jianqiu,鉴秋
Huachu,花初
Sleepy,大迷糊
Qinglian,青莲
Zhuyu,茱萸
Hui,辉子
Strong,大壮
Hulu,葫芦
Yu,小羽
Yuhua,毓华
Madame Qin,秦夫人
Master Hui,辉少
Xi the Maid,小茜
Huangshan,黄衫
Qingzhou,清昼
Zhen Qiang,甄强
Little Yue,小月
Furong,芙蓉
Huixing,绘星
Mora-Grubber,钱眼儿
Sea Drake,海龙
Juza,重佐
Iron Ingot,铁块儿
Ziwei,紫微
Little Que'er,小雀儿
Vermeer,梵米尔
Xinghuo,星火
Echo,艾珂
Wanmin Restaurant,万民堂
Bubu Pharmacy,不卜庐
Wanwen Bookhouse,万文集舍
Yanshang Teahouse,岩上茶室
Liuli Pavilion,琉璃亭
Xinyue Kiosk,新月轩
Third-Round Knockout,三碗不过港
Heyu Tea House,和裕茶馆
Scent of Spring,春香窑
The Jade Mystery,解翠行
Mingxing Jewelry,明星斋
Baiju Guesthouse,白驹逆旅
Xigu Antiques,希古居
Wanyou Boutique,万有铺子
Wangshan Hall,王山厅
Rollon,罗洛
Anleifr,安莱夫
Bjorn,比约恩
Egle,伊捷莉
Olav,奥拉维
Vacarao,瓦加劳
Lantainen,兰塔宁
Solovei,索洛维
Alia,爱莉厄
Aedon,阿咚
Sugar Sculpture: Illuga,糖雕·叶洛亚
Fireside Merriment,篝火边的欢腾
Crispy Spring Rolls,香炸春卷
Lucky Snow Delight,穰穰瑞雪糕
Flavor of Spring,炸春鲜
Nightwatch Soup,夜守暖汤
The First Iron Coin,「最初的铁钱」
Lang-Gan,琅玕
Arrow of Terpikeranuas,德肋庇革劳诺之箭
Tower of Inversion,逆位之塔
Echoes of a Forsaken Song,放逐者的荒歌
Return to Sender,物归原主
When War Songs Rise,战歌吟唱时
Reverberation of Heroic Spirits,英灵的残响
Wind-Stirred Ripples,风起微澜
"The Last Night, the First Light",终至破晓
The Raven's Legacy,寒鸦的系谱
To Turn Each Sin Against the Sinner,以罪行惩戒罪人
Winter Icelea,冬凌草
Pine Amber,松珀香
Lightbearing Moonshard,朏魄含光
Lantern Rite,海灯节
Moonlit Patrol Exercise,月引周巡之述演
A Lanternlit Ode to the Silver Moon,奔霄颂玉轮
Vigorous Brushstrokes,笔腾墨跃
"Wishes Contended, Fortunes Won",如意斗彩
The Moonlit Adeptus's Trail,月映仙踪
The White Horse Adeptus Meets the White Horse Adeptus in Liyue Harbor,白马仙人在璃月港参观白马仙人
Pingxi,萍溪
Manmu,满目
Baofei,报菲
Wenji,闻冀
Guilan,桂澜
Lu Xiangxiang,卢香香
Lu Weng,卢翁
Lil' Li,阿力
Lil' Tian,阿甜
"Hot in a Flash, or Cold Just as Fast?",「瞬影」镜头! 瞬间遇冷?
The Doctor,博士
Flo,芙洛
Virda,薇尔妲
Laume,洛梅
Granna,嘉莱娜
Pahsiv,珀西芙
Hiljetta,海捷德
Alida,阿莉妲
Illki,伊尔基
Koski,考斯奇
Mahla,玛茜菈
Maika,玛伊佳
Oskari,奥什卡里
Janusz,雅努什
Alena,阿莱娜
Kuzmich,库济米奇
Ulyana,乌利亚娜
Inga,因嘉
Beryna,别蕾娜
Levonty,莱沃蒂
Radoslaw,拉杜什劳
Lauri,劳乌里
Ivar,伊瓦尔
Dragana,卓佳娜
Paivio,帕伊沃
Kofitse,科菲策
Gabieta,格维妲
Dzenana,泽纳娜
Malusha,玛柳莎
Lyubertsi,柳别尔齐
Hertta,赫尔妲
Wszebor,沃瑟博尔
Patolichev,帕托利切夫
Nikita,尼基塔
Winfried,温弗里德
Erminie,欧蜜涅
Anselm,安塞姆
Laurent,洛朗
Nannina,纳尼娜
Ekbert,艾克贝特
Leifhelm,莱夫赫姆
Donatas,杜纳塔斯
Read Miller,雷德·米勒
Avrelian,艾维雷勒安
Eternal Moon Goddess,恒月女神
Aria,艾莉亚
Canon,卡侬
Sonnet,桑娜妲
Moonchild's Treasures,月童的库藏
False Moon Institute,赝月的研究所
Knuckle Duckle,重拳出击鸭
Frostnight Herra,霜夜巡天灵主
Surging Currents: Frostnight Scion,涌流·霜夜灵嗣
Gilded Sunshard: Frostnight Scion,金礞·霜夜灵嗣
Fisher of Hidden Depths,深黯钓客
Lord of the Hidden Depths: Whisperer of Nightmares,深黯魇语之主
Crab Tsar,「蟹沙皇」
Hexadecatonic Mandragora,十六倍曼陀草
"""The Homesick Lone Wolf""",「望乡的孤狼
Sugar Sculpture: Kuuhenki,糖雕·月灵
Sugar Sculpture: Nefer,糖雕·奈芙尔
Sugar Sculpture: Jahoda,糖雕·雅珂达
Sugar Sculpture: Columbina,糖雕·哥伦比娅
Veggie Pot Soup,蔬菜罐罐汤
Mushroom Phantasm,蘑幻之菇
Berry Herbal Candy,花果草糖
Moonlit Mirage,皎月渺渺
Moon-Prayer Blossom From Columbina,哥伦比娅赠予你的祈月之花
Marionette's Notebook,「木偶」的笔记本
As Heaven and Earth Are Made Anew,复地重天
Melusent Gift,莘露的赠礼
Rainlit Bamboo Reverie,聆雨听竹
Violet Ibis,菫鹮
Blunthorn Rhino,钝角犀
Mandragora,曼陀草
Slothsheep,獭懒羊
Thornback Gecko,芒脊守宫
Pale-Furred Wolf,苍绒狼
Radiant Glacial Wolf,蕴光凛狼
Cinderneck Stork,灰颈鹳
Voidsea Outlook,虚海望
Piramida,皮拉米达城
Dreadshade Mire,噩影泽地
Meeting Point: The Witch's Garden,聚所·魔女的花园
Wavechaser Plain,逐浪野
Pillar of Embla,厄布拉神柱
Wing of Keres,凯雷丝之翼
Favonius Keep,西风戍垒
Cliffwatch Camp,望崖营壁
Armvartnir,安瓦蒂尼尔湖
Ashveil Peak,烟硌山峰
Kipumaki Cliff,苦壑崖
Special Territory Research Institute,特辖地研究所
A Traveler on a Winter's Night,如果在冬夜，一个旅人
True Moon,真实之月
A Toast Beneath the Moon,月下小酌
A Gift From the Sea Spirits,海精灵们的礼物
Prelude to the Night Vigil,夜巡的先声
Witch's Lodge,魔女的小屋
The Moonlit Watcher,月下的守望者
On This Intoxicating Night,在他们都喝醉的夜里
Nocturne's Curtain Call,帷间夜曲
Shutterflash Memory Hunt,瞬影旅集
Ninette,妮内特
Heroic Clash: Saurian Brawl,"飒勇争锋, 龙之劲斗"
A Surprise From a Fellow Comics Fan,来自漫画同好的惊喜
Greetings From the Knights of Favonius,来自骑士团的慰问
Asmoday,阿斯莫代
Ruler of Space,空之执政
Ley Line Sprout,地脉的新芽
Dead Ley Line Leaves,地脉的枯叶
Dead Ley Line Branch,地脉的旧枝
Octavia,欧科塔维亚
Patton,巴顿
Fietena,菲耶蒂娜
The Soulblazer Saga: Volume 2,炽魂斗士战记·第二册
The Empty Courtyard,无人的庭园
Soulblazers,特战队
Rainbow Serpent's Rain Bow,虹蛇的雨弦
Soulblazers' Snowbound Journey,炽魂斗士的雪界之旅
The Shining Warriors Take the Stage,闪亮的斗士们登场
Now's No Time for Tears,现在不是撒娇哭泣的时候
"Go, Fietena, Go!",冲! 冲! 菲耶蒂娜!
Snowrealm Visitors,雪界访客
A Gift From Yae Publishing House,来自八重堂的礼物
An Invitation From the Spark Knight,来自火花骑士的邀请
A Message From the Junior,来自「后辈」的分享
Snowtrace,雪白迷踪
Frontier Recon,前哨龙迹
Jade Pitching,飞玉趣掷
Trial of Valor,斗魂试炼
Tang Yigang,汤义刚
Bold Bang Bouldern,「邦邦滚石」
Minnie,明妮
Moritz,莫里茨
Sherilyn,雪琳
Sumire,堇葵
Gaumaru,咕咕丸
Masterless Starglitter,无主的星辉
Masterless Stella Fortuna,无主的命星
Onodera,小野寺
Zibai,兹白
White Horse Adeptus,白马仙人
Chang the Ninth,常九爷
Mr. Nine,九老师
"Anya ""Marie"" Andersdotter",安雅·「玛丽」·安德斯多特
Sebas,赛巴斯
Columbina Hyposelenia,哥伦比娅·希珀塞莱尼娅
Illuga,叶洛亚
Razmaspes,拉撒抹培
Gaoramus,高拉默
Xsayazantus,撒亚赞铎
Anastasya Feodorovna Snezhnaya,安娜丝塔夏·费奥多罗夫娜·雪奈茨娜娅
Zandik,赞迪克
Cyclic Military Kuuvahki Core,循环式军用月矩核心
Super-Heavy Landrover: Mechanized Fortress,超重型陆巡舰·机动战垒
Lohikeitto,奶油鲑鱼汤
Nod-Krai Hot Dog,挪德卡莱热狗
Drink 455,455特饮
Lakkaberry Pie,白灵果派
Apple Stew (Trial Version),苹果焖肉(初试版)
Secrets Exchanged,「秘闻交易」
"""After-Class Practice""",「课后作业」
The Little Witch's Dictionary,小魔女辞典
"Tale of ""Durin""",名为「杜林」的故事
Moon-Prayer Night Pamphlet,「祈月之夜」导览册
Greeting Card for Columbina,送给哥伦比娅的贺卡
Moon-Prayer Candy From Columbina,哥伦比娅准备的祈月糖
Ordered Notes,整理后的笔记
Sal Vindagnyr,沙尔·芬德尼尔
Hyperborea,亥珀波瑞亚
Dephi Pytho,德尔斐·皮托呢
A Nocturne of the Far North,终北的夜行诗
Melting Moonlight in the Morning Mist,散于晨雾的月芒
Witch's Homework,魔女的课业
Unexpected Commission,意料之外的委託
Tales of Time and Wind,时与风的故事
The Great Mage's Journey of Trials,大魔法师的试炼之旅
Old Friends and New Knowledge,旧识与新知
A Child Wandering the World,行于世间的孩子
A Dry Well Doth Not Reflect the Stars,枯井无法映星月
With Lupical...,和「卢皮卡」一起
"Alan Smithee, Author of Fischl",艾伦·史密西，菲谢尔的作者
The Law of Boundaries,界限的法则
Draco Rubedo Chapter,赤龙之章
Different Phantoms,虚影
Irminsul Tree,银白古樹
Athame Artis,黑蚀
The Daybreak Chronicles,黎明破晓之史
Finches Are Still the Cutest,团雀还会最可愛
Basima the Fifth,拜希麦·五世
Bing-Bang Finchball,哐哐当当雀雀球
Thoth,图特
Heryshaf,赫里沙夫
Sobek,索贝克
Taraneh,塔拉内
Radiant Antler,漫光的辉角
Bloodsoaked Ruins,血染荒城
Nightweaver's Looking Glass,纺夜天镜
Reliquary of Truth,真语秘匣
Ruins Exploration: Fieldwise Center,參究故墟·穏健知行
Mechanical Puzzle-Parsing Paradigm,机关破谜范式
Skillful Scouting,伙伴侦察妙法
Safe Engagement Training,安全接敌实训
Return From the Mysterious Realm,自谜域归
Headlong Into the Sands,向沙中去
Dance Dance Dynamic Disco,跃跃律动舞力聚会
Dance Exchanges - A Beautiful Start,「舞力交流」的开幕
Djer,捷勒
Uncle Scimitar,「弯刀大叔」
Irmin,伊尔明
Irminsul (Vinster King),伊尔明苏尔
Tholindis,索琳蒂丝
Thorkell,索凯尔
Orlog,乌洛
Vinster King,黑王
Frithr,芙蕾尔
Maalaus,梅拉
Radimir,拉季米尔
Fevroniya,费卢妮娅
Ozerov,奥泽洛夫
Sinuhe,辛努海
Uncle Anpu,安普叔
Manetho,梅涅托
Katayoun,卡塔扬
Arif,阿里夫
Nizar,尼泽尔
Wings of Companionship,守候之翼
Wings of Descension,降临之翼
Wings of Delicacies,肴馔之翼
Wings of Fate's Course Intertwined,命轨爻错之翼
Universitas Magistrorum,深秘院
A Nation That Doesn't Exist,不存在的国土
An Elegy for Faded Moonlight,回望湮灭的月光
Lightkeepers' Oath,执灯人誓言
May the Moonlight Connect Us,月光联系你我
The Artist By the Moon's Side (II),伴月的小画家·其二
Saurian Sojourn,龙龙同游
Komina,科米娜
Kweku,克维库
Assistant Instructor Yehyeh,「耶耶副教官」
Lightgleaner's Journey,旅途拾光集
Dodoco's Blow-Up-Erative Bomb-Nanza,嘟嘟可爆轰大乱斗
Rainbow's End: Silvery Flux,虹旅藏金·朔望流辉
Clink Clank Clash,叮铃哐啷大作战
Pursue and Strike! The Out-of-Control Flier,追击! 失控飞兵!
Boom! Blast! Power Test!,轰隆! 测试威力!
Seek and Find! Machines on the Fritz!,寻踪! 故障机器!
Quietly Now! Sneaky Sneaking Sneaks!,静音! 谋械潜行!
Misplaced Creativity,走失的创意
A Mysterious Outsourced Contract,外包的保密事项
An Adventurer's Woes,冒险家的烦恼
Backup Plans,备用法案
Unwritten Rules,暗处的规则
Clink Clank Legion,叮铃哐啷軍团
Krum-Clank 70 percent Sweet,铛铛七分甜
Zip-Zap Spy-Bot Number 1,㕲㕲㕲间谋1号
Ginette,茜涅特
Sarin,萨林
Gaudenty,格乌登提
Asikko,阿斯科
Sedile,瑟琪
Eustachy,尤斯塔奇
Ujola Cat,尤约拉猫
Rotor Hovering Daybed,旋翼浮空憩榻
Chard Lombro,阿莎莎·郎勃罗
Adina,阿德娜
Rijeka,莉洁卡
Hidimbi,希丁芭
Smoked Fish Steak,烟熏鱼排
Sugar Sculpture: Flins,糖雕·菲林斯
Long Night Alight,长夜燃火
Frosted Axehead Fish,冷冽巨斧鱼
Nightgaze Crystal-Eye,夜色明眼鱼
Memento Kamera,回忆捕手留影机
Bounty Token: Trickster's Red Satin,悬赏证物: 欺诈师的红绸
Bounty Token: Lady's Brooch,悬赏证物: 淑女的胸针
Bounty Token: Mud-Stained Handguard,悬赏证物: 泥染的刀镡
Aino's Toolbox,爱诺的工具箱
Ineffa's Toolbox,伊涅芙的工具箱
Wings of First Flight,初始之翼
Wings of Azure Wind,苍天清风之翼
Wings of Golden Flight,金琮天行之翼
Wings of Concealing Snow,雪隐之翼
Wings of the Stormstrider,雷腾云奔之翼
Wings of the Forest,森郁花繁之翼
"Wings of Merciful, Wrathful Waters",慈水怒涛之翼
Wings of Soaring Flame,烈火腾燎之翼
Wings of the Silent Moon,夜驻月停之翼
The Lost Child's Tale,迷路孩童的诉说
The Chef's Tale,厨子的诉说
Her Past,她的过去
The Artist By the Moon's Side (I),伴月的小画家·其一
Moonlight Sonata,月光奏鸣曲
Homecoming's Faint Glow,归家的微光
Silvermoon Hall: Selenic Chronicles,银月之庭·伴月纪闻
Lushne,鲁什涅
Sukhovykh,苏霍维赫
Richeza,丽切娅
Sigurd,西格德
Common Axehead Fish,无奇巨斧鱼
Blazing Axehead Fish,炽铁巨斧鱼
Veggie Mauler Shark,素素凶凶鲨
Berry Bait,槲梭饵
Refreshing Lakka Bait,清白饵
Undying One's Mourning Bell,不死者的哀铃
A Horn Unwinded,未吹响的号角
Dyed Tassel,被浸染的缨盔
"""Muratans""",穆纳塔
The Bell of Mouring Echoes,哀铃的余响
Bullseye!,正中靶心！
Moonlit Dash,月流奔引
Even Steel Can't Stop Them,铁亦无用
Lost Mooncourt,失落的月庭
Frostladen Machinery,霜凝的机枢
Lightless Capital,无光的深都
The Game Before the Gate,门扉前的弈局
Radiant Moonfly,蕴光月幻蝶
Blazing Brilliance: Frostnight Scion,灼烜·霜夜灵嗣
Gleaming Charge: Frostnight Scion,辉电·霜夜灵嗣
Tangled Vines: Frostnight Scion,蔓结·霜夜灵嗣
Icy Crystal: Frostnight Scion,凌晶·霜夜灵嗣
Wilderness Exile,荒野幽徒
Wilderness Hunter,荒野狂狩士
Oprichniki Line Trooper,愚人众特辖队·线列军
Oprichniki Support Trooper,愚人众特辖队·支援兵
Oprichniki Grenadier,愚人众特辖队·榴铳手
Oprichniki Vanguard,愚人众特辖队·先锋士
Oprichniki Medic,愚人众特辖队·疗愈师
Oprichniki Bombardier,愚人众特辖队·掷弹兵
Oprichniki Fireblade Shock Trooper,愚人众特辖队·火刃突击队
Oprichniki Hailstorm Cannoneer,愚人众特辖队·冰雹重炮手
Oprichniki Thunderblitz Gvardiya,愚人众特辖队·雷霰近卫军
Close Combat Storm Landcruiser,巡陆艇·近战攻坚型
Close Combat Scout Landcruiser,巡陆艇·近战斥候型
Force Recon Storm Landcruiser,巡陆艇·强侦攻坚型
Force Recon Scout Landcruiser,巡陆艇·强侦斥候型
Force Recon Ground Effect Landcruiser,巡陆艇·强侦地效型
Cutting Edge All-Purpose Storm Landcruiser,巡陆艇·尖端全能攻坚型
Cutting Edge All-Purpose Scout Landcruiser,巡陆艇·尖端全能斥候型
Cutting Edge Fire Support Ground Effect Landcruiser,巡陆艇·尖端火力地效型
Radiant Antelope,蕴光奇羊
Radiant Bladehorn,蕴光刃犀
Radiant Lunapod,蕴光璇蛸
The Flagship,旗舰
Speranza,斯偑兰扎
Mead-Boy,蜜酒小子
"Nuts ""N"" Nuts",坚果与螺钉
Mimisbrunnr Books,秘谜书屋
Voynich Guild,伏尼契商会
Vesnici Proleca Greenhouse,春景花房
Northland Bank,北国银行
Sniffer Moles,嗅嗅鼹鼠
Tassel Jelly,花缨水母
Luonnotar,努昂诺塔
Kuuhenki,月灵
Dualblaze Longplume Ibis,双辉长翎鹮
Crimson-Necked Longplume Ibis,丹颈长翎鹮
Azure-Necked Longplume Ibis,青颈长翎鹮
Puffin,海崖鹦
Snow Weasel,雪隐鼬
Red-Tailed Weasel,红尾鼬
Boot Weasel,靴子鼬
Masked Weasel,面具鼬
Chestnut Goat,栗栗羊
Chestnut Goat: Berry Jam,栗栗羊·莓莓果酱
Chestnut Goat: Cool Mint,栗栗羊·冰冰薄荷
Dusky Goat,暮暮羊
Chic Badger,帔髦獾
Rimehorn Deer,凛角鹿
Moonglow Firefly,月萤虫
Atapetra Conch,古石螺
Rock Crab,岩居蟹
Crimson Rock Crab,赤红岩居蟹
Azure Rock Crab,碧蓝岩居蟹
Sun Crab,太阳蟹
Ocean Crab,海蓝蟹
Pale Red Crab,薄红蟹
Frostfin Whale,霜鳍鲸
Paha Isle,帕哈岛
Final Night Cemetery,终夜长茔
North Harbor,北港
Maroon Basin,緋沙鹽沼
Kuuvahki Experimental Design Bureau,月矩力试验设计局
South Harbor,南港
Hiisi Island,希汐岛
Sanctum of the Oathkeeper,守誓者的圣所
Silvermoon Hall,银月之庭
Light-Bathed Platform,沐光之台
Crab Tsar's Palace,蟹之主的宫殿
Thunderclap Reef,雷圖礁
Frostmoon Enclave,霜月之坊
Lempo Isle,伦波岛
Nothing Passage,空寂走廊
Starsand Shoal,星砂滩
Blue Amber Lake,蓝珀湖
Eye of Kratti,刻拉蒂之眼
Barrowmoss Barrens,苔骨荒原
Clink-Clank Krumkake Craftshop,叮铃哐啷蛋卷工坊
Nasha Town,那夏镇
LightKeepers,执灯人
Frostmoon Scions,霜月之子
Destiny Drawn,「相缘绘愿」
The Wild Hunt,狂猎
Kuuvahki,月矩力
Relic,圣物
Moon Marrow,月髓
Lucky Spin,好运速转
Hibernation Chamber on the spaceship,飞船休眠仓
Eternal Moon,恒月
Iridescent Moon,虹月
Frost Moon,霜月
Silken Moon's Serenade,纺月的夜歌
Night of the Sky's Unveiling,穹境示现之夜
"""Moon Maiden""",「月之少女」
Pulonia,普隆尼亚
Katheryne,凯瑟琳
Rerir,雷利尔
Rächer of Solnari,猎月人
Little Tobot,小机器人
Birgitta,薇尔琪塔
Anja,安洁娅
Papar,帕帕
Moon Godness,月神
Moonchanter,咏月使
Kuutar,库塔尔
Lauma,菈乌玛
Nefer,奈芙尔
Kyryll Chudomirovich Flins,克里洛·楚德米洛维奇·菲林斯
Ratimir,拉蒂米尔
Anfisa,安菲莎
Onegov,奥涅戈夫
Jalo,雅洛
Zinaida,齐娜伊达
Manez,马涅茨
Yrjo,约霍
Reko,雷科
Lyylikki,莉莉希
Kantor,坎托尔
Golitsyna,歌尔琴娜
Liouba,利鸟芭
Iratxa,爱莱莎
Hunajatta,乌娜亚塔
Jujian,居简
Tarno,塔尔诺
Cairuo,采若
Lestocq,莱斯托克
Arkhyp,阿尔希普
Lyulka,柳佳
Limppu,林布
Jarosznski,亚洛辛斯基
Mikko,米科
Maisie,玫熙
Jurva,尤尔瓦
Pavlov,巴甫洛夫
Dhabit,萨维特
Paavo,帕霍
Demyan,德米安
Leszek,勒塞克
Kruchek,克鲁切
Ashru,阿舎鲁
Hedvika,海德薇卡
Ognjen,奥尼扬
Oiva,奥伊瓦
Vilemina,薇尔米娜
Aarto,阿尔托
Kasha,卡夏
Maite,梅蒂
Verna,维娜
Aila,爱依菈
Rahetar,莱赫妲尔
Ehrnrooth,安洛丝
Sarakka,莎莱卡
Reetta,莉伊妲
Krodo,科罗德
Rebane,蕾瓦妮
Kapy,加普依
Kaarina,加莉娜
Eveliina,爱维琳
Kukkia,库齐娅
Sousi,索西
Hintsa,辛查
Kauro,卡乌洛
Tuija,图伊佳
Dobrawa,多布菈娃
Mojca,莫季佳
Satajalka,萨塔贾卡
Onni,奥尼
Rauha,拉沃夏
Korhonen,科尔霍寧
Zvoni,兹沃妮
Sieciech,泽西切
Vaino,瓦伊诺
Sisko,茜斯柯
Bozena,波泽娜
Lalli,莱里
Tolfin,托尔芬
Zhorik Shesternin,卓里克·谢斯特宁
Danyusha Shesternin,丹尤莎·谢斯特宁
Netochka,涅朵奇卡
Raskolnikov,拉斯科尔尼科夫
Fanngel,方格尔
Auni,奥妮
Macola,马科拉
Anezka,安妮兹卡
Bobik,博比克
Allochika,阿洛契卡
Precision Kuuvahki Stamping Die,精密型月矩力冲鸭模具
Lightbearing Scale-Feather,承光的鳞羽
Broken Drive Shaft,毁损机轴
Reinforced Drive Shaft,加固机轴
Precision Drive Shaft,精制机轴
Tattered Warrant,磨损的执凭
Immaculate Warrant,精致的执凭
Frost-Etched Warrant,霜镌的执凭
Frostnight's Glimmer,霜夜的残照
Frostnight's Glow,霜夜的柔辉
Frostnight's Glory,霜夜的煌荣
Lightless Bone,失光块骨
Glowing Remains,稀光遗骼
Radiant Exoskeleton,繁光躯外骸
Mistshroud Manifestation,幽雾化形
Mistshroud Plate,幽雾片甲
Mistshroud Helmet,幽雾兜盔
Borderland Crispbread,边地薄饼
Lakkaberry Madame,白灵果酿鸡
Sugar Sculpture: Dualblaze Longplume Ibis,糖雕·双辉长翎鹮
Sugar Sculpture: Frostfin Whale,糖雕·霜鳍鲸
Sugar Sculpture: Chic Badger,糖雕·帔髦獾
Sugar Sculpture: Puffin,糖雕·海崖鹦
Sugar Sculpture: Rimehorn Deer,糖雕·凛角鹿
Sugar Sculpture: Aino,糖雕·爱诺
Sugar Sculpture: Ineffa,糖雕·伊涅芙
Sugar Sculpture: Lauma,糖雕·菈乌玛
Midsommar Torte,夏槲蛋糕
Fruit Tandem Turnovers,双果卷
Crispy Roast,脆脆烤肉
Today's Boon,今日收获
Thunderclap Slash!,轰雷电光斩!
Clink-Clank Confectionery Cup,嘎吱嘎吱甜甜杯
Whisper in the Woods,林间低语
Lakkaberry,白灵果
Midsommar Berry,夏槲果
Lunoculus,散失的月神瞳
Luna Sigil,月之印
Luna Treasure Compass,月之寻宝罗盘
Rainbowdrop Crystal,虹滴晶
Springs of Hidden jade,隠玉之泉
Hymns of the For North,终北祷歌集
Conch Echoes,海螺的回响
"The Legends of Read Miller, Thief Extraordinaire",大盗電德·米勒传奇
Travel Accounts,游逸旅账
Evermoon Seal,恒月印磐
Krumkake Bolt,蛋卷螺栓
Airspace Data Collector 2.0,空域数据采集器2.0
Inscripta-Cognoscenti's Feather,镌识者的鸦翎
Weavenexa-Cognoscenti's Intoxication,织识者的倾醉
Stratagema-Cognoscenti's Mask,谋识者的面影
Welcome to Nasha Town!,《欢迎来到那夏镇!》
"""Wild Hunt"" Phenomena Location Map",「狂猎」现象定位图
Photo with Colonel Iron Whale,与「铁鲸上校」合影的画片
Conch Notebook,海螺笔记本
Investment Coupon,投資券
Statue of the New Moon,新月神像
The Moon Mirror,盈月之镜
The Lunar Semblance,月髓之像
A Dance of Snowy Tides and Hoarfrost Groves,雪浪与苍林之舞
Elegy of Dust and Lamplight,尘与灯的挽歌
The Last Survivor of Tenochtzitoc,最后的特诺奇兹托克人
Polkka Beneath the Moon's Oracle,月谕的半歩舞
"East of the Moon, West of the Sun","月之東, 日之西"
To the Lighthouse,到灯塔去
Problem-Sorting Robot,问题分拣机器人
Food Matters,餐食大事
The Stress of Changing Careers,转行总是令人焦虑
Silver Fir Wood,银冷杉木
Alder Wood,桤木
Portable Bearing,便携轴承
Frostlamp Flower,霜盏花
Moonfall Silver,月落银
Teachings of Moonlight,「月光」的教导
Guide to Moonlight,「月光」的指引
Philosophies of Moonlight,「月光」的哲学
Teachings of Elysium,「乐园」的教导
Guide to Elysium,「乐园」的指引
Philosophies of Elysium,「乐园」的哲学
Teachings of Vagrancy,「浪迹」的教导
Guide to Vagrancy,「浪迹」的指引
Philosophies of Vagrancy,「浪迹」的哲学
Artful Device Fragment,奇巧秘器的残件
Artful Device Replica,奇巧秘器的模本
Artful Device Inheritance,奇巧秘器的继业
Artful Device Wish,奇巧秘器的真愿
Ember of Long Night Flint,长夜燧火的余烬
Afterglow of Long Night Flint,长夜燧火的残照
Flare of Long Night Flint,长夜燧火的明焰
Blaze of Long Night Flint,长夜燧火的烈辉
Sundered Glory of the Far-North Scions,终北遗嗣的哀荣
Unyielding Delusion of the Far-North Scions,终北遗嗣的迷顽
Oblation of the Far-North Scions,终北遗嗣的祷献
Aureate Radiance of the Far-North Scions,终北遗嗣的煌熠
Moonweaver's Dawn,织月者的曙色
Serenity's Call,谧音吹哨
Master Key,万能钥匙
Prospector's Shovel,掘金之锹
Snare Hook,罗网勾針
Etherlight Spindlelute,天光的纺琴
Blackmarrow Lantern,鸟髄孑灯
Selenic Chronicles,月下纪闻
The Tale of the Gate Stone,居于门户之石
Gift of the Mirage,蜃楼之获
"The Mirrors, the Maze, and the Tsar",镜子、迷宫与国王
For a Green Island...,为一座绿色的岛屿…
Echoes of Unfinished Past,事犹未了
The Tale-Telling Heart,告密的心
"Team Rigor, or Team Intuition?",是严谨派还是悟性派?
Whisper Beneath the Waves,浪底的低语
The Power of Research,科研的动力
Friends of Moleyvalley,莫雷谷的伙伴们
The Shoemaker's Children Go Barefoot,鞋匠的孩子总是光脚
Priorities First,要事优先
Drifting Toward a Promised Sky,飞向天空的约定
Damselette,少女
Sandrone,桑多涅
Marionette,木偶
Alice,艾莉丝
Nicole Reeyn,尼可·莱恩
Aino,爱诺
Jahoda,雅珂达
Durin,杜林
Mini Durin,小杜林
Varka,法尔伽
Grand Master,大团长
local legend,地方传奇
Vivianne of the Lake,湖畔的维维安涅
Ninianne of the Lake,湖畔的尼尼安涅
Ocean Circuit Judge,海原巡回法官
Iron Viscount,铁皮子爵
"Angelica, Fairy Knight Twin",双生妖精骑士·安洁莉卡
"Medoro, Fairy Knight Twin",双生妖精骑士·弥多洛
"Cortana, Sword of the Gorge",深谷之剑·柯塔娜
"Murgleis, Sword of the Gorge",深谷之剑·缪格雷
Fading Veteran,「渐渐隐去的老兵」
"Dobharcu, Lord of the Hidden",隐者王·多尔库
Polychrome Tri-Stars,「异色三连星」
Cocijo,「科西霍」
Sappho Amidst the Waves,「海浪中的莎孚」
Balachko,「巴拉奇科」
Cihuacoatl of Chimeric Bone,「嵌合神骨的蛇姬」
He Never Dies,「不死」
Chimalli's Shade,「切玛利的遮荫」
Atlatl's Blessing,「阿特拉托的佑助」
Rilai,莉莱
"""Spirit of the Fallen Dawnstar""",「陨落的晨星之灵」
"""Bronzelock""",「铜锁」
"""Potapo's Solidarity""",「波塔波的声援」
Ironbeard,铁须
"""Tupu's Lushness""",「图普的繁茂」
"""Reji""",「雷吉」
"""Infinitesimal""",「微末」
The Peak,尖峰
"""Battlegoat""",「战羊」
"""conclaw""",「铁爪」
Capybara Great Majesty!,豚兽 大王!
Forensic Imaging Device,综像勘录仪
Ancient Glazeback Turtle,琉背古彩龟
"Convert Investigation, Dirty Money Misdeeds","隠行谛勘, 秽金之罪"
Mementos of Teyvat: Prelude of the Frozen Veil,提瓦特忆画·雪幕前事
Tracing Vanishing Trails,谛踪匿行
Edler,埃德勒
Corder,科德
Doddamani,多达马尼
Scamfac,诈狂
Diderot,笛特
Rovere Pellicia,罗韦雷·佩里恰
Dark Financier,黑钱领主
Invitation to an Auction,拍卖会的邀请函
Bennett,班尼特
Stanley,斯坦利
Hans,汉斯
Hans Archibald,汉斯·亚齐博尔德
Sanhaj Kompore,桑哈杰·康波雷
Lianca,莉安歌
Ixquieh,伊葵
Fajeyi,法杰伊
Gulebu,格列布
Velimiru,维李米尔
"""Sovereign ruler""",「至高领主」
Priestess of Floral Candles and Skyborne Feathers,「花烛与风羽的司巫」
Ix Ajkotz'i'j Iq'ismal Waxak,伊·卡科茨·伊齐玛瓦夏
Exile's Curse,「无归之诅咒」
Mirror of the Dawning Morn,「明晨之镜」
Ix Raq'lapuj Chue'q Buluk,伊·莱拉普赫·楚伊博卢
Eighth Load,第八席
Eleventh Load,第十一席
Miztli,蜜琪莉
Ukucha,欧库夏
Kanei,卡内
Zhaka,扎卡
"""Teteltetl""",「特特尔特特尔」
Challwa,察尔瓦
Teuciztli,特鸟兹特利
Lawaia,拉威亚
Macuahuitl,马夸胡伊特尔
Nataba,娜塔芭
Motolinia,穆托莉娜
Tzompantli,松潘特利
Fournier,富尼耶
Tlapalli,查帕莉
Tecuhtli,秦克胡
Rhythmos,「律动魔匠」
Tobahaq,图瓦哈克
Nahuatlalli,纳瓦特拉利
Kahinda,卡欣妲
Mwindo,穆温达
Ipacura,伊帕库拉
Elmi,厄尔蜜
Aroni,阿洛妮
Macani,马坎尼
Chaco,查丘
Atzilli,埃兹莉
"""Campa""",「坎帕」
"""Chiton""",「希顿」
Ohuitia,奥胡帝亚
Ionna,约娜
Cozatl,科扎特利
Zolin,索林
Alvo,阿尔沃
Tochtli,托奇特莉
Zolton,索尔顿
Icahua,伊凯卡
"""Willapi""",「维拉庇」
Alpaca Sheriff,绵驮兽警长
"""Nanasian""",「娜娜丝梨人」
"""El Capoctus joquiratto""",「乔克力老大」
Pucli,普克莱
"""Tenoyollotzin""",「特诺约洛钦」
Leyla,勒拉
Tenoch,特诺切
Sundjatta,松伽塔
Wanjiru,万杰鲁
Nocht,诺奇特
Nanas,娜娜丝
Adieta,爱莱妲
Aamu,艾慕
Zhuoxin,卓新
Edenyo,埃德恩
Asimu,阿西木
Bakunawa,巴窟纳瓦
Shoal's Haven,鱼群之家
Me & Dew,醅蜜
Asha's Treasure Trove,阿夏的宝库
Sun,太阳
Floral Whispers,繁花之语
Street Fighting Fontainian,灰河街斗士
Nanas Cake,娜娜丝梨饼
Shrimp Bisque,虾肉浓汤
Mini Asha Pockets,小小阿夏包
Magma Rapidfighting Fish,炽岩斗士急流鱼
Secret Source Scout Sweeper,秘源机关·巡戒使
Easybreeze Holiday Resort Invitation,悠悠度假村邀请函
"""Pipilpan Idol Competition Brochure""",《皮皮潘偶像大赛宣传册》
Easybreeze Holiday Resort Map,悠悠度假村地图
Easybreeze Badge,悠悠徽章
Investigative Report: Bakunawa,调查报告——巴窟纳瓦
Investigative Report: Mare Jivari,调查报告——烬寂海
Someone's Tattered Notes (I),谁人的残破笔记（一）
Someone's Tattered Notes (II),谁人的残破笔记（二）
Corroded Tattered Notes (III),被腐蚀的殘破筆记（三）
Gift Egg Gifted by Capybara King,豚兽大王赠与的闪闪礼蛋
Gift Egg Gifted by Cacasha,「咔阿夏」赠与的闪闪礼蛋
Gift Egg: Blood of This Land,闪闪礼蛋·山之血
Gift Egg: Light of the Blazing Sun,闪闪礼蛋·太阳的轰鸣
Gift Egg: Bow Before Your King!,闪闪礼蛋·圣龙君临
Gift Egg: Fietena,闪闪礼蛋·菲耶蒂娜
Gift Egg: Where the Drinks Keep Flowing,闪闪礼蛋·献给小酒杯
"Gift Egg: Let's Shred, Sharky!",闪闪礼蛋·飞澜鲨鲨
Monetoo,幻写灵
Asha,阿夏
Temple of Cascading Color,虹雨的祭祀庭
Ch'upikaq Tajin,楚普卡塔津
Tenochtzitoc,特诺奇兹托克
Easybreeze Holiday Resort,悠悠度假村
Colorfall Cave,彩彩洞
Easybreeze Market,悠悠集市
Colorfall Cliffs,彩彩崖
Huha Hill,呼呼丘
Wavey Bay,浪浪湾
Concealed Land of Enigmas,隐匿的谜土
Guiztli Rudge,刺梨岩
Vlla Guiztli,刺梨镇
Guiztli Path,刺梨小径
Castle Joquiratto,「乔克力」宫
Tele Isle,提提岛
Brewblossom Stores,醅幽蜜库
The Mare Jivari,烬寂海
"""Windless Land""",「无风之地」
Koholasaur Dolls,鳍游龙小玩偶
Seven-Colored Statue,七色悠悠像
Dance-Off Stage,热舞乐台
Tecpatl's Flintblades Adventure Team,「燧石之锋」冒险团
The Journey Home,归途
All Good Reunions Follow a Search,欢聚总在寻觅后
Encounters Always Happen on a Holiday,邂逅总在悠闲时
"Shine On, Pipilpan Idol!",闪耀! 皮皮潘偶像大赛!
Traces of Chroma,流彩的踪迹
Strange Encounter of the Tete Isle Kind,提提奇遇
Dreamy Paititi,美梦帕伊提提
Flame-Forged Insight,拾慧铸熔
Fractured Halo,支离轮光
An Easy-Breezy Natlan in an Easy-Breezy Summer!,"悠悠纳塔, 悠悠夏天!"
Sunspray Summer Resort,绘夏! 烈日? 度假村
Travels Are Fuller With Friends,遥遥同旅
Strikers Through the Storm,急风狙击
A Feast for the Senses,炫音爆光
With Flying (Graffiti) Colors,飞漆溅彩
Huilu,胡伊鲁
Pusaq,普萨科
Gaasira,加希菈
Avisura,阿维苏菈
Lavawalker's Resolution,渡火者的决绝
"Sustainer of ""Heavenly Principles""",「天理」的维系者
Nine-Fruit Nectar,九果甘露饮
Bubblemilk Pie,鲜奶珠珠派
Meat-Lover's Feast,肉肉盛宴餐
Tranquil Banquet,静暇雅宴
Adventures in Blazing Hue,炽绘奇旅
Fearsome Ferocious Firepower,轰隆轰隆缤纷火力
Reminiscent Regimen: Frenzy,追想练行·豪斗篇
Ad astra abyssosque!,向着星辰与深渊！
How about we explore the area ahead of us later?,前面的区域，以后再来探索吧！
Dodge this!,这个如何？
Cool it!,冻结吧！
Don't get frostbite.,小心着凉。
"Oh, so sorry!",抱歉哦。
This moment will be frozen in time.,…这刹那，将是你的永恒。
What's the hurry?,真是急性子啊你。
I'm not done...,还没尽…兴…
That was unexpected...,哼，意料之外…
Steady as stone,岩石的重量令人安心
Shaken and stirred!,攻守兼备
Punishment!,审判！
Your verdict is...!,审判——喝啊！
Time for ― retribution!,在此——宣判！
Abiogenesis: Solar Isotoma,创生法·拟造阳华
Come into being!,拟造阳华
"Well, allow me",余款的话…我来付吧。
Know my sword!,雨线难画。
Witness the power of Guhua!,古华深秘。
Wrath of the Flame!,食盐之罚
With sword comes shadow!,剑出，影随——
Cut to the chase!,剑光如我，斩尽芜杂！
Evil conquering!,靖妖傩舞
Lament!,悲鸣吧。
Time to go!,吃饱喝饱，一路走好！
Order guide you.,天理长驱。
This is order.,此乃天道。
Glory to the Shogun and her everlasting reign!,常道恢弘，鸣神永恒！
There is no escape!,无处可逃！
No? Not funny?,不好笑吗？
"It's getting cold, you say? I feel fine.",很冷吗？我还好。
Have a safe trip,一路顺风
So interminable... so lonely... Just how much longer...,好漫长…好孤独…还要多久…
For Natlan,为了纳塔
Trounce Domain,征讨领域
Abyss Corridor,深境回廊
Forsaken Rift,忘却之峡
Valley of Remembrance,铭记之谷
Peak of Vindagnyr,芬德尼尔之顶
Imaginarium Theater,幻想真境剧诗
Unresolved Chess Fame,待解「弈局」
Ridge Watch,山脊守望
Domain of Guyun,孤云凌霄之处
Hidden Palace of Guizang Formula,华清归藏密宫
Hidden Palace of Zhou Formula,无妄引咎密宫
Beneath the Dragon-Queller,「伏龙树」之底
Chamber of Twisted Cranes,鹤径折旋之所
City of Hidden Runes,机符遁藏之城
Realm of Snaring Illusions,迷错幻渺之境
Narukami Island: Tenshukaku,鸣神岛·天守
End of the Oneiric Euthymia,梦想乐土之殁
Joururi Workshop,净琉璃工坊
The Realm of Beginnings,肇始之乡
Court of Desolation,归寂之庭
Defiled Chamber,染境
Pale Forgotten Glory,苍白的遗荣
Denouement of Sin,罪祸的终末
Shadow of Another World,异界余影
Skirk,丝柯克
Callirhoe,卡莉露
Orban,乌尔班
Crimson Witch of Flames,炽烈的炎之魔女
Marechaussee Hunter,逐影猎人
Tiara of Flame,祭火礼冠
Tiara of Frost,祭冰礼冠
Tiara of Thunder,祭雷礼冠
Fragment of Harmonic Whimsy,谐律异想断章
Tartaglia,达达利亚
Childe,公子
Ajax,阿贾克斯
comrade / partner,伙伴 / 搭档
The Fair Lady / La Signora,女士 / 席诺拉
Rosalyne-Kruzchka Lohefalter,罗莎琳·克鲁兹希卡·洛厄法特
Crimson Witch of Embers,焚尽的炽炎魔女
Scaramouche,斯卡拉姆齐
Balladeer,散兵
Kunikuzushi,国崩
Regrator,富人
Il Dottore,多托雷
Pulcinella,普契涅拉
The Rooster,公鸡
Il Capitano,卡皮塔诺
The Captain,队长
Thrain,瑟雷恩
Arlecchino,阿蕾奇诺
The Knave,仆人
Snezhevna,雪奈茨芙娜
Snezhevich,雪奈茨维奇
Pierro,皮耶罗
The Jester,丑角
Egeria,厄歌莉娅
Demoiselle,大小姐
Duke,公爵
Chief Justice,最高审判官
Monsieur Neuvillette,那维莱特大人
Lady Furina,芙宁娜女士
Focalors,芙卡洛斯
Alain Guillotin,阿兰·吉约丹
Lord-Artificer,奇械公
Silver,西尔弗
Melus,迈勒斯
Callas,卡雷斯
Euphrasie,欧芙
Estelle,伊丝黛莱
Livre,利弗
Caron,卡隆
Maillardet,梅雅德
Antoine Roger,安东·罗杰
Arouet,阿鲁埃
Vaneigem,瓦纳格姆
Leone,蕾欧妮
Argalia,艾嘉莉亚
Renaud,雷诺德
Eloise,爱洛依丝
Delaroche,德拉萝诗
Boucicaut,布希柯
Aeval,爱贝尔
Elphane,欧菲妮
Gestionnaire,复律官
Salsa,萨莎
Berrypuff,呜呜葡萄
Cowell,考威尔
Halsey,海尔希
Liliane,莉莉安
Marcel,玛塞勒
Vacher,瓦谢
Vigneire,薇涅尔
Phantom Weasel,怪盗貂将
Cesar,塞萨尔
Jemma,嘉玛
Lorenzo,洛伦佐
Mamere,玛梅赫
Seymour,西摩尔
Ann,安
Narcissus,纳西索斯
Verenata,薇蕾娜妲
Carabosse,卡莉珀丝
Topyas,托皮娅
Canotila,夏诺蒂拉
Ahes,艾伊丝
Puca,芙佳
Chesil,切瑟尔
Cosanzeana,柯莎
Jakob Ingold,雅各布·英戈德
Lyris,莉利丝
Mary-Ann,玛丽安
Mary-Ann Guillotin,玛丽安·吉约丹
Rene de Petrichor,雷内·德·佩特莉可
Karl Ingold,卡尔·英戈德
Virgil,维吉尔
Sonny,桑尼
"""The White Glove""",「白手套」
Luca,卢卡
"""The Fisherman""",「渔夫」
Henri,恩里
Iaune,艾尤恩
Roialte,洛耶茨
Semaine,瑟米安
Remaudiere,勒莫迪埃
Edel,厄代尔
Linorea,莉诺蕾娅
Depierris,德皮耶里
Aurele,奥雷勒
Verut,韦吕
Lovi,洛薇
Yves,伊维斯
Faranak,法拉娜
Garcia,加尔恰
Lutong,路通
Numbering Machine,推数机
Mécantre,梅康顿
Babisse,巴比斯
super-sized cannon,超级大炮
Salon Member,沙龙成员
Gentilhomme Usher,乌瑟勋爵
Surintendante Chevalmarin,海薇玛夫人
Mademoiselle Crabaletta,谢贝蕾妲小姐
Carole,卡萝蕾
Vautrin,沃特林
Faissolle,费索勒
Dougier,杜吉耶
Avice,阿维丝
Peruere,佩露薇利
Crucabena,库嘉维娜
Clervie,克雷薇
Osse,小呜斯
Laetitia,莱提西娅
Uther,厄舍
Florian,弗洛莱恩
Rawat,拉瓦特
Potton,波顿
The Witch,巫婆
Savanna,莎凡娜
Monica,莫妮卡
Firmin,菲尔曼
Hilaire,伊莱尔
Modeste,莫德斯特
Savelli,萨维利
Aether,空
Lumine,荧
Traveler,旅行者
Flying Lavender Melon,飞行堇瓜
The Primordial One,原初的那一位
Ronova,若娜瓦
Ruler of Death,死之执政
Istaroth,伊斯塔露
Ruler of Time,时间之执政
Naberius,纳贝里士
Ruler of Life,生之执政
milady / my lady,小姐
my lord,家主大人
Kamisato Clan's housekeeper,神里家家政官
fixer,地头蛇
Lady Yae,八重大人
"Arataki ""Numero Uno"" Itto",荒泷天下第一斗
Bull-Chucker,放牛的
Sole of the Deep,深海舌鲆鱼
Her Excellency,（对珊瑚宫心海或雷电将军的尊称）
Urgent Neko Parcel,猫箱急件
Cat Grass Cardamom,猫草豆蔻
Baal,巴尔
Beelzebul,巴尔泽布
Almighty Shogun,（对雷电将军的尊称）
Electro Archon,雷神
Shun,阿顺
Lyudochka Snezhevna,柳达希卡·雪奈茨芙娜
Kichiboushi,吉法师
Shousei,证城
Gyoubu Koban,刑部小判
Hanachirusato,花散里
Xavier,泽维尔
Orobashi / Orobaxi,奥罗巴斯
Orobashi no Mikoto,远吕羽氏尊
Clymene,久利由卖
Date,伊达
Michiya,宫地
Supada no Hiko,须婆达之彦
Xudong,旭东
Julie,朱莉
Parvaneh,芭尔瓦涅
Kamei Munehisa,龟井宗久
Emura Ichigensai,江村一玄斋
Emura Chuuya,江村中弥
Kanai,金井
Susukida,薄田
Umihiko,海彦
Nightmare-monsters,梦魔
Kuroyume,久吕由命
Mikoshi Chiyo,御舆千代
Sasayuri,笹百合
Dain,戴因
Bough Keeper,拾枝者
Twilight Sword,末光之剑
Hroptatyr,海洛塔帝
Vedrfolnir,维瑟弗尼尔
Surtalogi,苏尔特洛奇
The Wise,贤者(称号)
The Visionary,预言家(称号)
Gold,黄金(称号)
The Foul,极恶骑
The Five Sinners of Khaenri'ah,坎瑞亚的「五大罪人」
Skofnungr,斯克弗努格
Direidyth,蒂莱尔
Haden,哈登
Yuheng,玉衡
Tianquan,天权
Fortune Preserver,救苦渡厄真君
Zhenyu,枕玉
Zhongli,钟离
consultant,客卿
Mr. Zhongli,钟离先生
Jade Shield,玉璋护盾
Conqueror of Demons,降魔大圣
Guardian Yaksha,护法夜叉
Alatus,金鹏
Dr. Baizhu,白先生
Ms. Yun,云先生
Yuegui,月桂
Jade Radish,白玉萝卜
Mega Radish,超厉害·大萝卜
Morax,摩拉克斯
Rex Lapis,岩王帝君
Xianyun,闲云
Streetward Rambler,歌尘浪市真君
Tianshu,天枢
Moon Carver,削月筑阳真君
Mountain Shaper,理水叠山真君
Uncle Mountain Shaper,理水叔叔
Cloud Retainer,留云借风真君
Aunty Cloud Retainer,留云阿姨
Azhdaha,若陀龙王
Marchosius,马科修斯
God of the Stove,灶神
Bosacius,浮舍
Marshal Vritras,腾蛇太元帅
Menogias,弥怒
General Kapisas,心猿大将
Bonanus,伐难
General Chizapus,螺卷大将
Indarias,应达
General Musatas,火鼠大将
Yan'er,胭儿
"""Big Sis""",「大姐」
Haagentus,哈艮图斯
God of Dust,尘之魔神
Havria,赫乌莉亚
God of Salt,盐之魔神
Sea Gazer,鸣海栖霞真君
Skybracer,移霄导天真君
Changsheng,长生
Baiwen,百闻
Baishi,百识
Baixiao,百晓
Ms. Yu,小雨
Anton Melnikov,安东·梅利尼科夫
Antoha,安托哈
Ninth Company Brevet Commander,「第九连队」临时连长
Temur,提莫尔
Danila,达尼拉
Radomir,拉多米尔
Katarina,卡塔琳娜
Qi Ding,戚定
Kun Jun,昆钧
Boyang,伯阳
Fujin,浮锦
Lingyuan,灵渊
Herblord,药君
Houzhang,侯章
Jiehu,接笏
Tao Dou,桃都
Bune,擘那
little cutie,小可爱
Tone-Deaf Bard,卖唱的
Prinzessin der Verurteilung,断罪之皇女
Amy,艾米
Immernachtreich,幽夜净土
Mr. Honorary Knight,荣誉骑士哥哥
Miss Honorary Knight,荣誉骑士姐姐
confinement room,禁闭室
Barbara Pegg,芭芭拉·佩奇
Kreideprinz,白垩之子
Chief Alchemist,首席炼金术士
Captain of the Investigation Team,调查小队队长
Calx,白垩
Rosaria,罗莎莉亚
Spindrift Knight,浪花骑士
Captain of the Reconnaissance Company,游击小队队长
aristocrat,旧贵族
Front-Line Surveyor,前进测绘员
Barbatos,巴巴托斯
Anemo Archon,风神
Caelestinum Finale Termini,终天的闭幕曲
Andrius,安德留斯
Boreas,玻瑞亚斯
Rhinedottir,莱茵多特
Barbeloth,芭比洛斯
the old hag,老太婆
I. Ivanovna N.,I·伊万诺夫娜·N
Adelinde,爱德琳
Hertha,赫塔
Draff Kätzlein,杜拉夫·凯茨莱茵
Seamus Pegg,西蒙·佩奇
Wolfy,小狼
Umoja,沃摩延
Uthabiti,乌沙博蒂
Malipo,马力卜
Ukumbuko,乌昆博库
Baraka,巴莱卡
Uwezo,乌威佐
Vuka,武卡
Xbalanque,希巴拉克
Haborym,赫布里穆
Kiongozi,基扬戈兹
Ifa,伊法
Cacucu,咔库库
Bidii,庇笛
Pacal,帕加尔
Wayna,瓦伊纳
Amina,阿米娜
Balam,帕兰
Lamanai,拉马奈
Tonina,图尼娜
Keita,凯塔
Alom,阿隆
Echuah,艾库瓦
Cipac,西帕克
Agemo,阿格莫
Cintli,钦特利
Chanca,夏安卡
Hiia,希伊亚
Mansa,曼萨
Bounama,布纳马
Siyah,希亚赫
Namaka,娜玛卡
Sumac,苏玛克
Hampeq,汉佩克
Yantasar,延塔莎
Caramuru,卡拉穆鲁
Kahuna,卡胡那
Milu Nui,米卢·努伊
Pakaa Nui,帕卡·努伊
Kupo Nui,库珀·努伊
Mahina Nui,马西娜·努伊
Wakea Nui,瓦凯·努伊
Pele Nui,佩蕾·努伊
Anchieta,安切塔
Aclla,爱可
Michica,米齐卡
Tundama,图达玛
Legba,雷格巴
Titu,蒂图
Jinghe,荆和
Tahmures,塔莫蕾
Cauich,卡乌胡
Apoxpalon,阿布帕隆
Iknal,伊克娜
Orqo,奥尔科
Mama Coco,卡卡妈妈
Cazcal,卡兹加
Tlamot,特阿墨
Nkunga,恩孔加
Liliuo,莉琉
Kaiulani,嘉乌兰妮
Kibangu,基班古
Atea,阿伽娅
Chuychu,葵可
Vichama,维查玛
Mallko,穆尔科
Comonqui,科莫奎
Tupac,图帕克
Karya,卡嘉
Viramdra,维兰德
Koolau,科奥劳
Kaulu,卡乌鲁
Kaeho,基耶霍
Nuu,努乌
Chikya,奇科娅
Huni,胡妮
Toba,多巴
Sanka,山下
Trinidad,特立尼达
Thiago,蒂亚戈
Ponche,庞塞
Burkina,布基纳
Kongamato,康加玛托
Mountain King,山王
Ponini,波尼尼
Poggi,波吉吉
Pocchi,波奇奇
Nanna,南娜
Imix,伊蜜
Cheven,夏温
Tlazplli,特拉佐莉
Nechca,妮赫佳
Nepecha,妮佩卡
Coyopa,科约帕
Kosterlitzky,科斯特利茨基
Baranov,巴拉诺夫
Golikov,戈利科夫
Yanovksy,雅诺斯基
Tarko,塔尔科
Totec,托泰克
Kunnau,昆纳鸟
Kuymi,库伊米
Guthred,古瑟雷德
Sanhaj,桑哈杰
Menilek,孟尼力克
Dargo,达尔戈
Kokpon,科科庞
Ardra,阿尔妲
Pumpu,蓬普
Nusta,努斯妲
Raman,拉曼
Osawe,欧莎薇
Iyoba,伊约芭
Kunak,库纳克
Libiac,利别科
Jember,吉恩布
Chimalli,奇马利
Yaretzi,雅蕾希
Acama,阿卡马
Ullanta,乌兰塔
Stadukhin,斯塔杜欧
Maztla,马兹拉
Nellan,涅兰
Mutota,穆托塔
Yopia,尤庇娅
Hueliyo,胡里约
Matlan,马特兰
Atoco,阿图科
Cochitta,柯奇妲
Ocotlan,奥科兰
Izcalli,伊卡力
Cuallee,库阿勒
Munay,穆纳伊
Abundi,阿邦迪
Cusco,库斯可
Allpa,阿尔帕
Coyllur,科优尔
Zhunan,朱南
Mukki,穆基
Huascar,瓦斯卡尔
Pixica,皮希加
Coya,柯娅
Chime,奇梅
Himpu,栖木普
Inkanak,因卡纳克
Tepal,特帕尔
Puma,普玛
Biram,庇兰
Cip,奇普
Caholom,卡胡鲁
Toltec,托尔特克
Paran,帕朗
Temach,特马乔
Lliwa,莉瓦
Lamizana,拉密萨纳
Taruka,塔卢加
Oberon,奥伯龙
"""Dopey Dazzler""",「炫彩呆子」
"""Mural Maniac""",「狂图捕手」
Bona,玻娜
Cocouik,绿松石
Copan,科潘
Och-Kan,奥奇坎
Liriwu,莉莉乌
Waxaklahun Ubah Kan,瓦萨克拉胡巴肯
Ixlel,伊雷尔
Ix Uxul Tz'ib Bolon Ch'ule-L,伊·奎库叙·茨博隆·库·雷尔
Conulaf,奥罗卢柯
Magnifico,马尼菲科
Mazkal,玛兹嘉
"""Kururuk""",「咕噜噜」
Icayo,伊卡尤
"""Ripple""",「小波」
"""Jade""",「翡翠」
"""Marigold""",「金盏花」
Xueyoni,库约尼
Manyoya,曼尤雅
Acomitl,阿科米蒂
Matahga,马塔伽
Hine,伊妮
Haumia,夏芙米娅
Acatl,阿卡特
Nlteego,恩铁戈
Mausau,马索
Montluson,蒙吕松
Grudoc,格洛德克
Allier,艾列尔
Aywastin,阿依瓦丁
Besuci,贝苏琪
Chogan,乔甘
Huitzilin,维奇琳
Otila,欧蒂菈
Tlapo,特拉波
Mint Daifuku,薄荷大福
Tonaca,图娜卡
Urubamba,乌鲁班巴
Nanaxa,纳纳卡
Yolo,尤洛
Waaj,瓦阿吉
Pahua,帕华娅
Tecoma,秦库马
Capulin,卡布林
Atolli,阿托力
Masa,阿麦
Macacoz,马察科
Xona,索鸟娜
Vanana,瓦娜娜
Kulemana,库蕾玛娜
Sage-Lord of Fungi,蕈之贤主
Mushwatalli,蘑瓦塔里
Asmu,爱茜蘑
Huzziya,菇兹亚
Ammuna,阿蘑娜
Bifrons,比夫茏
Chatraka,迦陀迦
Ma'chah,马范
Yoleehe,尤鲁赫
Linaha,莉娜夏
Illimani,伊伊马尼
Suriqui,苏里奎
Kimosi,基莫西
Nzaya,妮扎娅
Secret Source Servant,秘源龙仆
Ehecatl,厄卡特尔
Amaru,阿玛鲁
Xiuhcoatl,修库特尔
Kukulkan,库库尔坎
Sage of the Stolen Flame,盗火贤者
Ayo,阿尤
Metzcala,梅兹卡拉
Bro.,哥们
Tumaini,杜麦尼
Aguara,阿瓜拉
Sutura,苏图拉
Kantalo,坎塔鲁
Tsaritsa,冰之女皇
Belyi Tsar,白沙皇
Forest Watcher,巡林官
Master Tighnari,提纳里师父
Eleazar,魔鳞病
Madam Faruzan,珐露珊前辈
Shrine of Maya,摩耶之殿
Lesser Lord Kusanali,小吉祥草王
Buer,布耶尔
"Blessed One of Wisdom, Mahakusaladhamma",摩诃善法大吉祥智慧主
Nabu Malikata,娜布·玛莉卡塔
Greater Lord Rukkhadevata,大慈树王
Azar,阿扎尔
Grand Sage,大贤者
Haypasia,海芭夏
Dunyarzad Homayani,迪娜泽黛·呼玛伊
Setaria,塞塔蕾
Rahman,拉赫曼
Loumelat,鲁梅拉
Karkata,卡卡塔
Mechanical Crab,机械螃蟹
Abattouy,阿巴图伊
Inayah,阿娜耶
Sheikh Zubayr,谢赫祖拜尔
Alrani,爱拉尼
Nabiya,娜比雅
Harut,哈鲁特
Marut,玛鲁特
Aryadeva,阿亚德瓦
Arezo,阿莲佐
Sadife,赛达菲
Augustus Lovelace,奥古斯都·洛夫莱斯
Oleg,奥列格
Effendi,阿芬迪
Jeht,婕德
Jebrael,哲伯莱勒
Ufairah,优菲
Tirzad,提尔扎德
Benben,奔奔
Samail,萨梅尔
Babel Tanit,芭别尔·塔尼特
Matriarch,主母
Liloupar,利露帕尔
Azariq,阿萨里格
Aderfi,阿德菲
Yuften,尤夫腾
Tadhla,塔德菈
Masseira,马塞拉
Zoya Snezhevna,佐娅·雪奈茨芙娜
Parvezravan,帕维兹拉万
Froderock Fronkonsteen,佛罗德洛克·弗朗孔斯汀
Ferigees,菲莉吉丝
King Deshret,赤王
Al-Ahmar,阿赫玛尔
Amun,阿蒙
Varuna,法留纳
Arapacati,兰帕卡提
Arachanda,兰阐荼
Arasaka,兰萨卡
Arapas,兰阿帕斯
Araphala,兰非拉
Arashakun,兰沙恭
Araminali,兰弥那离
Khayyam,海亚姆
Ilyas,伊利亚斯
Siraj,西拉杰
Kusayla,库塞拉
Shahzaman Homayani,沙扎曼·呼玛伊
Idrisi,伊德里西
Bashar,巴沙尔
Tikriti,提克里蒂
Mishal,米沙勒
Eide,埃德
Chlothar Alberich,克洛达尔·亚尔伯里奇
Sinner,罪人
Mehrak,梅赫拉克
Zaha Hadi,萨赫哈蒂
Nur,努尔
Dragon of Verdure,翠草之龙
Lady Sorush,斯露莎大人
Bloomguard of the Pari,花灵之「勇者」
Twin-Horned Chaplet,双角的花冠
Yasnapati,谒颂主
Vijnanapati,识主
Sosi,索希
Zurvan,祖尔宛
Mihir,米希尔
Rashnu,拉沙鲁
Simurgh,西摩格
Klingsor,克林索尔
Jarjar,贾尔贾
Fedhri,菲多赫
Aarav,阿拉夫
Bamoun,巴穆恩
Atossa,阿托莎
Caribert Alberich,卡利贝尔·亚尔伯里奇
Edgar,艾德加
Sylvain,席尔万
Lucien,卢西恩
Yelena,叶莲娜
Kirya,基里亚
Narzam,娜赞
Ulrike,乌尔丽克
Ineffa,伊涅芙
Meatnado,兽肉旋风
Apple Roly Poly,苹果卷卷
"""Chatter of joyful Nights""",「欢夜畅谈」
"""Abyssal Bounty""",「暗渊之获」
"""Lingering Euphonia""",「余音」
Dream-Mirror Remnant,魂梦残影
"Key to the ""Hibernation Chamber""",「休眠仓」的钥匙
A Space and Time for You,你存在的时空
Crystallina Chapter,磷星之章
Azurelight,苍耀
Stygian Onslaught,幽境危战
Travelers' Tales: Gilded Chapter,游逸旅闻·鎏溢之章
Battle of Imagined Arrays,阵列推想大作战
Fruit Supplement Survey,茹果食补大调研
Companion Caper Chronicles,伙伴冒险大战记
Darwish,达尔维什
Atashye,阿塔希耶
Fadaweh,法德瓦
"""Ultra-Amazing Miracle Tonic Guaranteed to Make You Taller with Zero Effort!""",「保证让人轻轻松松长高超厉害灵药」
Special Fortune Slip,特别的「御神签」
Dust of Enlightenment,启圣之尘
Violet Court,菫色之庭
Golden Raven Insignia,攫金鸦印
Definitely Not Bar Food!,绝对不是下酒菜
Invigorating Pizza,提神醒脑披萨
Cherries Snow-Laden,宿雪桃红
New Year's Cheer,岁夜欢哗
Every Aspect of a Warrior,勇士的每一面
Sol Invictus Chapter,不败阳焰之章
Shuyu's Baffling Beetle Battle Bowl,漱玉工奇斗虫大玄境
"""The Sea's Silent Shade""",「凝静的海色」
Echoes of an Offering,来歆余响
Gladiator's Finale,角斗士的终幕礼
Ocean-Hued Clam,海染砗磲
Kujou Sara,九条裟罗
Hiiragi Hiroshi,柊弘嗣
Ruu,阿瑠
Schwanenritter,白鹄骑士
Xinyan,辛焱
Xiao,魈
Baizhu,白术
Eula Lawrence,优菈·劳伦斯
Aragita,兰耆都
Clear Pool and Mountain Cavern,华池岩岫
Momiji-Dyed Court,椛染之庭
Quelled Creeper,灭诤草蔓
Majestic Hooked Beak,蕈王钩喙
Gilded Scale,鎏金之鳞
Tears of the Calamitous God,祸神之禊泪
Everamber,亘古树海之一瞬
Old Handguard,破旧的刀镡
Kageuchi Handguard,影打刀镡
Famed Handguard,名刀镡
Fungal Spores,蕈兽孢子
Dark Statuette,夤夜刻像
Marked Shell,锲纹的横脊
Ruin Cruiser,遗迹巡弋者
Fatui Skirmisher - Pyroslinger Bracer,愚人众先遣队·火铳游击兵
Fatui Skirmisher - Cryogunner Legionnaire,愚人众先遣队·冰铳重卫士
Fatui Skirmisher - Hydrogunner Legionnaire,愚人众先遣队·水铳重卫士
Beisht,跋掣
Black Serpent Knight: Rockbreaker Ax,黑蛇骑士·摧岩之钺
Fungus,蕈兽
Floating Hydro Fungus,浮游水蕈兽
Floating Dendro Fungus,浮游草蕈兽
Stretchy Anemo Fungus,伸缩风蕈兽
Stretchy Geo Fungus,伸缩岩蕈兽
Stretchy Pyro Fungus,伸缩火蕈兽
Whirling Electro Fungus,旋转雷蕈兽
Whirling Cryo Fungus,旋转冰蕈兽
Whirling Pyro Fungus,旋转火蕈兽
Grounded Hydroshroom,陆行水本真蕈
Grounded Geoshroom,陆行岩本真蕈
Winged Dendroshroom,有翼草本真蕈
Winged Cryoshroom,有翼冰本真蕈
Jadeplume Terrorshroom,翠翎恐蕈
Miso Soup,味噌汤
Bamboo Shoot Soup,腌笃鲜
Konda Cuisine,绀田煮
Slow-Cooked Bamboo Shoot Soup,文火慢炖腌笃鲜
Yearning,憧憬
Starshroom,星蕈
Activated Starshroom,活化的星蕈
Scorched Starshroom,枯焦的星蕈
Liyue Shrine of Depths Key,璃月地灵龛之钥
Fontaine Shrine of Depths Key,枫丹地灵龛之钥
Sigil of Permission,百无禁忌箓
Sundial of Ages,岁时之晷
Medaka,花鳉
Glaze Medaka,琉璃花鳉
Sweet-Flower Medaka,甜甜花鳉
Aizen Medaka,蓝染花鳉
Venomspine Fish,鸩棘鱼
Rusty Koi,锖假龙
Toki Alley Tales,鹮巷物语
Kusava,苦舍桓
Reins of Revival,苏生之辔
Divine Bridle,神舆之辔
Vasmrti,桓斯弥利底
Vasoma Fruit,恒素果
Barsam Flower,钵参花
Plume of Purifying Light,净光翎
Opulent Splendor,霓裾翩跹
Red Dead of Night,殷红终夜
Shroomboar,蕈猪
Sumpter Beast,驮兽
Shaggy Sumpter Beast,牦牦驮兽
Rishboland Raja,长鬓虎罗阇
Tent Tortoise,玳龟
Melusine,美露莘
Cape Oath,誓言岬
Chihu Rock,吃虎岩 / 螭虎岩
Pearl Galley,珠钿舫
Minlin,珉林
Luhua Pool,渌华池
Cuijue Slope,翠玦坡
Mt. Aocang,奥藏山
Dihua Marsh,荻花洲
Konda Village,绀田村
Tatarasuna,踏鞴砂
Nazuchi Beach,名椎滩
Yashiori Island,八酝岛
Fort Fujitou,藤兜砦
Fort Mumei,无明砦
Watatsumi Island,海祇岛
Fort Hiraumi,平海砦
Amakumo Peak,天云峠
Mt. Kanna,菅名山
Chatrakam Cave,茸蕈窟
Yasna Monument,谒颂幽境
Vanarana,桓那兰那
Mahavanaranapna,玛哈桓那兰那薜那
Old Vanarana,往昔的桓那兰那
The Dune of Magma,铄石之丘
The Sands of Al-Azif,啁哳之沙
Dunes of Steel,镔铁沙丘
Bayt Al-Sukr,酣乐之殿
Girdle of the Sands,苍漠囿土
Realm of Farakhkert,浮罗囿
Hills of Barsom,跋松顶
"Tree of Dreams, Vanarana",桓那兰那的梦之树
Vamadha,桓摩达
Zohrah Mushroom,须罗蕈
Jinn Shrine,镇灵神龛
Ruebright Bloom,明芸花
Barsom,跋尔松
Soul Bell,灵宝铎
Komaniya Express,狛荷屋
"Battlefield of Dice, Cats, and Cards",骰子、猫与卡牌的战场
The Ocean Pearl,海上盛珠钿
The Chi of Yore,古云有「螭」
There's no restoring this past land of beauty,恨繁囿兮作土
Luhua Landscape,渌华景画
Sacred Sakura Cleansing Ritual,神樱大祓
Yougou Cleansing,影向祓行
Tatara Tales,踏鞴物语
"""Fang of Watatsumi""",「海祇之牙」
"""Tail of Watatsumi""",「海祇之尾」
"""Heart of Watatsumi""",「海祇之心」
Yachimatahiko's Trial,八衢彦之试炼
Yachimatahime's Trial,八衢姬之试炼
The Sun-Wheel and Mt. Kanna,日轮与菅名山
Until Vana is Healed,直到「桓那」痊愈
Trulla Chapter,长杓之章
Vultur Volans Chapter,天隼之章
"O Shrine, Show Your Power Once Again!",神龛啊，再次显灵吧！
Fir Wood,杉木
Athel Wood,柽木
Euphonium Unbound: Soaring,千籁至音·飖扬
Silk Flower,霓裳花
Cor Lapis,石珀
Dendrobium,血斛
Fluorescent Fungus,幽灯蕈
Nara,那菈
Vana,桓那
Elemental Dice,元素骰
roll,投掷（元素骰）
reroll,重投（元素骰）
Teachings of Admonition,「诤言」的教导
Guide to Admonition,「诤言」的指引
Philosophies of Admonition,「诤言」的哲学
Debris of Decarabian's City,高塔孤王的残垣
Boreal Wolf's Milk Tooth,凛风奔狼的始龀
Spring of Pure Sacred Dewdrop,纯圣露滴的醴泉
The Dockhand's Assistant,船坞长剑
Summit Shaper,斫锋之刃
Makhaira Aquamarine,玛海菈的水色
Halberd,钺矛
Ako's Sake Vessel,赤穗酒枡
Vortex Vanquisher,贯虹之槊
Engulfing Lightning,薙草之稻光
Rust,弓藏
Prototype Crescent,试作澹月
Ibis Piercer,鹮穿之喙
Elegy for the End,终末嗟叹之诗
Twin Nephrite,甲级宝珏
Prototype Amber,试作金珀
Jadefall's Splendor,碧落之珑
Central Hub,核心轮縠
Garvipidam,伽吠毗陀
Shriya,施芮娅
Fungus Mechanicus,灵蕈棋阵
Lil' Fungus / Lil' Fungi,小小灵蕈
Nascent Bamboo Shoot,萌蘖的竹笋
The Exquisite Night Chimes,磬弦奏华夜
Fabulous Fungus Frenzy,智巧灵蕈大竞逐
Three Realms Gateway Offering,三界路飨祭
Endora,嫣朵拉
Feather of Jagged Peaks,嵯峨群峰之翼
Sundial of Enduring Jade,星罗圭璧之晷
Goblet of Chiseled Crag,巉岩琢塑之樽
Orichalceous Time-Dial,金铜时晷
General's Ancient Helm,将帅兜鍪
Tutelage: Nest-Bed of Ambition,稽古·砺伏之巢床
Autumn Frost,雾凇秋分
Gilded Hall,鎏金殿堂
Verdant Gift,一捧绿野
Wave-Kissed Sands,白浪拂沙
Nod-Krai,挪德卡莱
Fatui,愚人众
Legends Ablaze: Cross-Border Brawl,炽烈传说·跨界乱斗
Operation Downpour Simulation,雨阵奔流之述演
Chronicle of Shifting Stratagems,机谋变策战记
Nampole,纳博尔
Nighttime Whispers in the Echoing Woods,回声之林夜话
Dahlia,塔利雅
Temple of the Wolf,北风之狼的庙宇
Temple of the Lion,南风之狮的庙宇
Eagle's Gate,鹰之门
Secret Source Airflow Accumulator,秘源积气喉
Ascended King,升扬之王
Sublimated Queen,升华之后
Secret Source Automation: Overseer Device,秘源机兵·统御械
Candy Shells,贝壳彩糖
Petit Gateau Debord: Revised Version,德波小蛋糕·改良型
Gateau Debord: Magnifique,德波大蛋糕·绚丽型
Emotional Support,情感支持
"Dazzling, Mysterious Gift",绮灿而神秘的赠礼
Stormterror's Lair,风龙废墟
Paralogism,悖理
Incandescent Ode of Resurrection,炽烈的还魂诗
Dulciaria Structura Chapter,香糕塔之章
The Mages' Tea Party,魔女的茶会
Film Kamera,电影机
Ascended Sample: Knight,升扬样本·骑士
Ascended Sample: Queen,升扬样本·王族
Ascended Sample: Rook,升扬样本·战车
Symphonist of Scents,香韵奏者
Sequence of Solitude,冷寂迸音
Whirling Waltz,和旋舞剧
Mellow Manor,悠悠慢庄园
Movie Masterpieces,妙影名篇
Eclectic Escapades,缤纷蹈险奇行
Chevalmarin Film Fantasyland,海薇玛映影欢乐城
Chevalmarin Amusement Park Commemorative Map,海薇玛乐园全景纪念图
BanolKax,瓦努卡
Chajal,査霍尔
Kanaka,卡纳卡
Argenteau,阿让托
Angoulvant,安格尔望
Rhythm Ball Meztli,节拍撞球·梅兹特利篇
Fusion Profusion: DJ Remix Selections,《至强融合·控碟乐师重混甄选》
Scarlett,斯嘉莉
artifact,圣遗物
Flower of Life,生之花
Plume of Death,死之羽
Sands of Eon,时之沙
Goblet of Eonothem,空之杯
Circlet of Logos,理之冠
Adventurer,冒险家
Archaic Petra,悠久的磐岩
Berserker,战狂
Blizzard Strayer,冰风迷途的勇士
Bloodstained Chivalry,染血的骑士道
Brave Heart,勇士之心
Deepwood Memories,深林的记忆
Defender's Will,守护之心
Desert Pavilion Chronicle,沙上楼阁史话
Emblem of Severed Fate,绝缘之旗印
The Exile,流放者
Flower of Paradise Lost,乐园遗落之花
Gambler,赌徒
Gilded Dreams,饰金之梦
Golden Troupe,黄金剧团
Heart of Depth,沉沦之心
Husk of Opulent Dreams,华馆梦醒形骸记
Instructor,教官
Lavawalker,渡过烈火的贤人
Lucky Dog,幸运儿
Maiden Beloved,被怜爱的少女
Martial Artist,武人
Noblesse Oblige,昔日宗室之仪
Nymph's Dream,水仙之梦
Pale Flame,苍白之火
Prayers for Destiny,祭水之人
Prayers for Illumination,祭火之人
Prayers to Springtime,祭冰之人
Prayers for Wisdom,祭雷之人
Resolution of Sojourner,行者之心
Retracing Bolide,逆飞的流星
Scholar,学士
Shimenawa's Reminiscence,追忆之注连
Tenacity of the Millelith,千岩牢固
Thundering Fury,如雷的盛怒
Thundersoother,平息鸣雷的尊者
Tiny Miracle,奇迹
Traveling Doctor,游医
Vermillion Hereafter,辰砂往生录
Viridescent Venerer,翠绿之影
Vourukasha's Glow,花海甘露之光
Wanderer's Troupe,流浪大地的乐团
Song of Days Past,昔时之歌
Unfinished Reverie,未竟的遐思
Obsidian Codex,黑曜秘典
Scroll of the Hero of Cinder City,烬城勇者绘卷
Long Night's Oath,长夜之誓
Finale of the Deep Galleries,深廊终曲
Foul Legacy Transformation,魔王武装
Crimson Lotus Moth,红莲蛾
Everlasting Lord of Arcane Wisdom,七叶寂照秘密主
"Shouki no Kami, the Prodigal",正机之神
Wanderer,流浪者
Pantalone,潘塔罗涅
Charlotte,夏洛蒂
Lyney,林尼
Lynette,琳妮特
Freminet,菲米尼
Navia,娜维娅
Wriothesley,莱欧斯利
Sigewinne,希格雯
Clorinde,克洛琳德
Champion Duelist,决斗代理人
Neuvillette,那维莱特
Furina,芙宁娜
Hydro Archon,水神
Chevreuse,夏沃蕾
Chiori,千织
Emilie,艾梅莉埃
Escofier,爱可菲
Carter Scherbius,卡特·谢尔比乌斯
Basil Elton,贝瑟·埃尔顿
Lochknight,纯水骑士
Giverny,吉沃尼
Bernette,贝妮蒂
Melissa,玫莉莎
Essonnes,埃松
Jolienne,约莲妮
Joinville,瑞安维尔
Desyree,黛丝蕾
Esmond,埃斯蒙德
Sedene,塞德娜
Lauwick,劳维克
Pauleau,波洛
Dulphy,迪尔菲
Buraud,比罗
Elain,埃兰
Vilmant,维尔芒
Lepine-Pauline,乐平波琳
Thelxie,特尔克西
Zuria Destree,祖莉亚·德斯特雷
Jalacan,贾拉康
Lescot Destree,莱斯科·德斯特雷
Caterpillar,卡特皮拉
Lanoire,莉诺尔
Narzissenkreuz,纳齐森科鲁兹
Boethius,波爱修斯
Scylla,斯库拉
Cassiodor,卡西奥多
Wolsey,韦尔赛
Honorary Knight,荣誉骑士
Paimon,派蒙
Phanes,法涅斯
The Trinity of Moon Goddesses,三月女神
Kaedehara Kazuha,枫原万叶
Yoimiya,宵宫
Kamisato Ayaka,神里绫华
Kamisato Ayato,神里绫人
Thoma,托马
Sayu,早柚
Yae Miko,八重神子
Fried Tofu With All the Frills,玲珑油豆腐
Arataki Itto,荒泷一斗
Ushi,阿丑
beetle fighting,斗虫
Kuki Shinobu,久岐忍
Gorou,五郎
Sangonomiya Kokomi,珊瑚宫心海
Divine Priestess,现人神巫女
Swordfish Ⅱ,剑鱼二番队
Shikanoin Heizou,鹿野院平藏
Kirara,绮良良
Raiden Shogun,雷电将军
Plane of Euthymia,一心净土
Musou Isshin,梦想一心
Ei,影
Makoto,真
Magatsu Mitake Narukami no Mikoto,祸津御建鸣神命
Yumemizuki Mizuki,梦见月瑞希
Aikawa Susumu,蓝川丞
Shiba Murasaki,柴葉紫
Hyakujitsuhaku Shion,百日白白音
Kitsune Saiguu,狐斋宫
Ioroi,五百藏
Kama,阿釜
Kapatcir,卡帕奇莉
Kanna Kapatcir,菅名卡帕奇莉
Thunderbird,雷鸟
Enjou,渊上
Aru,亚琉
Abrax,阿布拉克
Aberaku,阿倍良久
Erebos,厄瑞玻斯
Eboshi,乌帽子
Spartacus,斯巴达克
Teppei,哲平
Neko,寝子
"Self-Proclaimed ""Provisional Head Priestess of the Asase Shrine""",自称「浅濑神社代宫司」
Nameless,无名
"""Masanori""",「公义」
Kid Kujirai,鲸井小弟
Hanbei,范兵卫
foreign attaché,远国御用
Dainsleif,戴因斯雷布
Halfdan,哈夫丹
Xiangling,香菱
Keqing,刻晴
Ningguang,凝光
Qiqi,七七
Xingqiu,行秋
Chongyun,重云
Beidou,北斗
Ganyu,甘雨
qilin,麒麟
Hu Tao,胡桃
Yanfei,烟绯
Xingyan,星燕
Yun Jin,云堇
Shenhe,申鹤
Yelan,夜兰
Yaoyao,瑶瑶
Geo Archon,岩神
Gaming,嘉明
Lan Yan,蓝砚
Guoba,锅巴
Pervases,铜雀
Guizhong,归终
Brass Bull Zhao,赵铁牛
Chen the Flower,陈娇花
Yanbo,彦博
Xamaran,赞玛兰
Uncle Luo,罗叔
Little Mao,小茂
Shuyu,漱玉
Yuandai,远黛
Man Chai,文仔
Yip Tak,叶德
Hautemontagne,沃特蒙泰涅
Jean Gunnhildr,琴·古恩希尔德
Acting Grand Master,代理团长
Amber,安柏
Outrider,侦察骑士
Baron Bunny,兔兔伯爵
Kaeya Alberich,凯亚·亚尔伯里奇
Lisa Minci,丽莎·敏兹
Venti,温迪
Razor,雷泽
Lupical,卢皮卡
Noelle,诺艾尔
Fischl von Luftschloss Narfidort,菲谢尔·冯·露弗施洛斯·那菲多特
Oz,奥兹
Ozvaldo Hrafnavins,奥兹华尔多·赫芙那梵茵斯
Diluc Ragnvindr,迪卢克·莱艮芬德
Darknight Hero,暗夜英雄
Klee,可莉
Jumpy Dumpty,蹦蹦炸弹
Sparks 'n' Splash,轰轰火花
Dodoco,嘟嘟可
Sucrose,砂糖
Albedo,阿贝多
Astrologist Mona Megistus,阿斯托洛吉斯·莫娜·梅姬斯图斯
Mika Schmidt,米卡·施密特
Dvalin,特瓦林
Stormterror,风魔龙
the Four Winds,四风守护
Dominator of Wolves,奔狼的领主
Timaeus,蒂玛乌斯
Troubled Lianne,苦恼的莉安
Vennessa,温妮莎
Eroch,伊洛克
Goth,歌德
Jilliana,吉丽安娜
Victoria,维多利亚
Viktor,维克多
Tsarevich,查耶维奇
Mualani,玛拉妮
Kachina,卡齐娜
Kinich,基尼奇
K'uhul Ajaw,库胡勒阿乔
Almighty Dragonlord (Self-Proclaimed),伟大圣龙 (自称)
Citlali,茜特菈莉
Granny Itztli,黑曜石奶奶
Xilonen,希诺宁
Iansan,伊安珊
Chasca,恰斯卡
Mavuika,玛薇卡
Pyro Archon,火神
Ororon,欧洛伦
Varesa,瓦雷莎
"Yohualtecuhtin, Lord of the Night",夜神
Quenin,夸恩因
Loshts,卢施
Mposo,恩波索
Dutta,杜塔
Runtuma,伦图
Nappa,娜帕
Cipitz,奇皮茨
Ixcatl,约卡
Xoctli,豪特利
Cryo Archon,冰神
Teucer,托克
Cyno,赛诺
General Mahamatra,大风纪官
matra,风纪官
Tighnari,提纳里
Collei,柯莱
Cuilein-Anbar,柯里安巴
Dori Sangemah Bay,多莉·桑歌玛哈巴依
Alhaitham,艾尔海森
Dehya,迪希雅
Flame-Mane,炽鬃之狮
Nilou,妮露
Dance of Sabzeruz,花神之舞
Candace,坎蒂丝
Layla,莱依拉
Faruzan,珐露珊
Kaveh,卡维
Vikram,维克拉姆
Rifaet,里法特
Nahida,纳西妲
Dendro Archon,草神
God of Wisdom,智慧之神
Sethos,赛索斯
Goddess of Flowers,花神
sage,贤者
The Six Great Sages,六大贤者
Khajeh,卡瓦贾
Asfand,阿斯法德
Rohawi,鲁哈维
Ahangar,阿汉格尔
Desertfolk,沙漠子民
Rana,拉娜
Arana,兰拉娜
Arama,兰罗摩
Araja,兰拉迦
Aranakula,兰那库拉
Arakunti,兰贡迪
Arabalika,兰百梨迦
Arapandu,兰般度
Arakara,兰伽卢
Ararycan,兰利遮
Aralohita,兰罗希陀
Aradasa,兰陀娑
Aranaga,兰纳迦
Aranakin,兰纳真
Aragaru,兰迦鲁
Aramuhukunda,兰穆护昆达
Aradasha,兰帝裟
Apep,阿佩普
Dragon King,龙王
Sorush,斯露莎
Nasejuna,那先朱那
Naphis,纳菲斯
Bahram,巴兰
Amadhiah,阿玛兹亚
Shyam,夏姆
Innam,伊娜姆
Oguz,奥乌兹
Hey! That's even worse than being a mascot!,完全不对！怎么还不如吉祥物啊！
"What do you mean ""hehe""!?",「诶嘿」是什么意思啊…！！
May the Anemo Archon protect you.,愿风神护佑你。
I will have order!,天动万象。
"While the Millelith stands guard, evil shall never prevail!",千岩牢固，重嶂不移。
world... forget me...,…世界…遗忘我…
Domain,秘境
Domain of Forgery,炼武秘境
Domain of Blessing,祝圣秘境
Domain of Mastery,精通秘境
Ley Line Disorder,地脉异常
Spiral Abyss,深境螺旋
Moment of Syzygy,合朔之刻
Cecilia Garden,塞西莉亚苗圃
Midsummer Courtyard,仲夏庭园
Temple of the Falcon,西风之鹰的庙宇
Domain of the Wayward Path,曲径通幽之处
Domain of Forsaken Ruins,墟散人离之处
Taishan Mansion,太山府
Hidden Palace of Lianshan Formula,震雷连山密宫
The Lost Valley,岩中幽谷
Court of Flowing Sand,砂流之庭
Empty Boat of a Thousand Gates,千门虚舟
Shakkei Pavilion,借景之馆
Formation Estate,阵代屋敷
Palace in a Pool,池中宅邸
Moshiri Kara,茂知之壳
Slumbering Court,沉眠之庭
Tower of Abject Pride,有顶塔
Steeple of Ignorance,昏识塔
Spire of Solitary Enlightenment,缘觉塔
Under the Umbrella's Shade,伞盖的荫蔽
Fragment of Childhood Dreams,童梦的切片
The Coordinates of Sun and Rain,晴雨的经纬
The Dark Valley,河谷的黯道
Red Desert Threshold,赤沙之槛
Altar of Mirages,蜃景祭场
Garden of Endless Pillars,千柱的花园
City of Gold,赤金的城墟
City of the Deceased,「亡者之城」
Fane of Panjvahe,五绿洲之殿堂
Molten Iron Fortress,熔铁的孤塞
Somalata Inland Sea,地中的香海
Purification Spring,净罪之井
Echoes of the Deep Tides,深潮的余响
Waterfall Wen,临瀑之城
Faded Theater,褪色的剧场
Scattered Ruins,零落丘墟
Night's Trial,夜魂试炼
Blazing Ruins,蕴火的幽墟
Ancient Watchowner,深古瞭望所
Sanctum of Rainbow Spirits,虹灵的净土
Stone Stele Records,碑碣的记录
Derelict Masonry Dock,荒废砌造坞
Rest Area Entrance,歇息处的入口
Hurricane Seed,飓风之种
Lightning Prism,雷光棱镜
Crystalline Bloom,晶凝之华
Basalt Pillar,玄岩之塔
Smoldering Pearl,阴燃之珠
Dew of Repudiation,排异之露
Hoarfrost Core,极寒之核
Everflame Seed,常燃火种
Thunderclap Fruitcore,藏雷野实
Cleansing Heart,净水之心
Storm Beads,雷霆数珠
Juvenile Jade,未熟之玉
Runic Fang,符文之齿
Marionette Core,魔偶机芯
Perpetual Heart,恒常机关之芯
Riftborn Regalia,兽境王器
Dragonheir's False Fin,龙嗣伪鳍
Perpetual Caliber,永续机芯
Light Guiding Tetrahedron,导光四面体
Pseudo-Stamens,苍砾蕊羽
Evergloom Ring,常暗圆环
Artificed Spare Clockwork Component ― Coppelia,奇械发条备件·歌裴莉娅
Artificed Spare Clockwork Component ― Coppelius,奇械发条备件·科培琉司
Emperor's Resolution,帝皇的决断
Dvalin's Plume,东风之翎
Dvalin's Claw,东风之爪
Dvalin's Sigh,东风的吐息
Tail of Boreas,北风之尾
Ring of Boreas,北风之环
Spirit Locket of Boreas,北风的魂匣
Tusk of Monoceros Caeli,吞天之鲸·只角
Shard of a Foul Legacy,魔王之刃·残片
Shadow of the Warrior,武炼之魂·孤影
Dragon Lord's Crown,龙王之冕
Bloodjade Branch,血玉之枝
Ashen Heart,灰烬之心
Hellfire Butterfly,狱火之蝶
Molten Moment,熔毁之刻
Mudra of the Malefic General,凶将之手眼
The Meaning of Aeons,万劫之真意
Puppet Strings,傀儡的悬丝
Mirror of Mushin,无心的渊镜
Daka's Bell,空行的虚铃
Worldspan Fern,生长天地之蕨草
Primordial Greenbloom,原初绿洲之初绽
Lightless Silk String,无光丝线
Lightless Eye of the Maelstrom,无光涡眼
Lightless Mass,无光质块
Cloudseam Scale,凝云鳞甲
Fragment of a Golden Melody,金色旋律的断章
Silken Feather,丝织之羽
Denial and Judgment,否定裁断
Fading Candle,残火灯烛
Overripe Flamegranate,过熟的火榴果
Mark of the Binding Blessing,受祝所缚之印
Gold-Inscribed Secret Source Core,秘刻金纹的源核
Ensnaring Gaze,深邃纠缠的凝视
Talisman of the Enigmatic Land,谜土的护符
Eroded Horn,蚀灭的灵犀
Eroded Sunfire,蚀灭的阳焰
Eroded Scale-Feather,蚀灭的鳞羽
Sparkless Statue Core,龙像的无智核
Black Crystal Horn,黑晶号角
Black Bronze Horn,黑铜号角
Heavy Horn,沉重号角
Chaos Core,混沌炉心
Chaos Circuit,混沌回路
Chaos Device,混沌装置
Chaos Oculus,混沌真眼
Chaos Axis,混沌枢纽
Chaos Gear,混沌机关
Chaos Bolt,混沌锚栓
Chaos Module,混沌模块
Chaos Storage,混沌容器
Mist Grass Wick,雾虚灯芯
Mist Grass,雾虚草囊
Mist Grass Pollen,雾虚花粉
Inspector's Sacrificial Knife,督察长祭刀
Agent's Sacrificial Knife,特工祭刀
Hunter's Sacrificial Knife,猎兵祭刀
Polarizing Prism,偏光棱镜
Crystal Prism,水晶棱镜
Dismal Prism,黯淡棱镜
Fossilized Bone Shard,石化的骨片
Sturdy Bone Shard,结实的骨片
Fragile Bone Shard,脆弱的骨片
Slime Concentrate,史莱姆原浆
Slime Secretions,史莱姆清
Slime Condensate,史莱姆凝液
Spectral Nucleus,浮游晶化核
Spectral Heart,浮游幽核
Spectral Husk,浮游干核
Ominous Mask,不祥的面具
Stained Mask,污秽的面具
Damaged Mask,破损的面具
Forbidden Curse Scroll,禁咒绘卷
Sealed Scroll,封魔绘卷
Divining Scroll,导能绘卷
Weathered Arrowhead,历战的箭簇
Sharp Arrowhead,锐利的箭簇
Firm Arrowhead,牢固的箭簇
Lieutenant's Insignia,尉官的徽记
Sergeant's Insignia,士官的徽记
Recruit's Insignia,新兵的徽记
Silver Raven Insignia,藏银鸦印
Treasure Hoarder Insignia,寻宝鸦印
Energy Nectar,原素花蜜
Shimmering Nectar,微光花蜜
Whopperflower Nectar,骗骗花蜜
Concealed Claw,隐兽指爪
Concealed Unguis,隐兽利爪
Concealed Talon,隐兽鬼爪
Luminescent Pollen,荧光孢粉
Crystalline Cyst Dust,孢囊晶尘
Inactivated Fungal Nucleus,失活菌核
Dormant Fungal Nucleus,休眠菌核
Robust Fungal Nucleus,茁壮菌核
Gloomy Statuette,晦暗刻像
Deathly Statuette,幽邃刻像
Faded Red Satin,褪色红绸
Trimmed Red Silk,镶边红绸
Rich Red Brocade,织金红绸
Damaged Prism,破缺棱晶
Turbid Prism,混浊棱晶
Radiant Prism,辉光棱晶
Desiccated Shell,残毁的横脊
Sturdy Shell,密固的横脊
A Flower Yet to Bloom,来自何处的待放之花
Treasured Flower,何人所珍藏之花
Wanderer's Blooming Flower,漫游者的盛放之花
Transoceanic Pearl,异海凝珠
Transoceanic Chunk,异海之块
Xenochromatic Crystal,异色结晶石
Drop of Tainted Water,浊水的一滴
Scoop of Tainted Water,浊水的一掬
Newborn Tainted Hydro Phantasm,初生的浊水幻灵
Meshing Gear,啮合齿轮
Mechanical Spur Gear,机关正齿轮
Artificed Dynamic Gear,奇械机芯齿轮
Rift Core,隙间之核
Foreign Synapse,外世突触
Alien Life Core,异界生命核
Water That Failed To Transcend,未能达成超越之水
Tourbillon Device,图比昂装置
Clearwater Jade,清水玉
Chasmlight Fin,渊光鳍翅
Lunar Fin,月色鳍翅
Feathery Fin,羽状鳍翅
Still-Smoldering Hilt,未熄的剑柄
Splintered Hilt,裂断的剑柄
Ruined Hilt,残毁的剑柄
Axis of the Secret Source,秘源轴
Sheath of the Secret Source,秘源机鞘
Heart of the Secret Source,秘源真芯
Shard of a Shattered Will,意志破碎的残片
Locus of a Clear Will,意志明晰的寄偶
Sigil of a Striding Will,意志巡游的符像
Ignited Stone,聚燃的石块
Ignited Seed of Life,聚燃的命种
Ignited Seeing Eye,聚燃的游像眼
Juvenile Fang,稚嫩的尖齿
Seasoned Fang,老练的坚齿
Tyrant's Fang,横行霸者的利齿
Sentry's Wooden Whistle,卫从的木哨
Warrior's Metal Whistle,战士的铁哨
Saurian-Crowned Warrior's Golden Whistle,龙冠武士的金哨
Refractive Bud,折光的胚芽
Bewildering Broadleaf,惑光的阔叶
Illusory Leafcoil,迷光的蜷叶之心
Cold-Cracked Shellshard,冷裂壳块
Warm Back-Shell,蕴热的背壳
Blazing Prismshell,明燃的棱状壳
Elite Enemy,精英
Slime,史莱姆
Pyro Slime,火史莱姆
Large Pyro Slime,大型火史莱姆
Hydro Slime,水史莱姆
Large Hydro Slime,大型水史莱姆
Anemo Slime,风史莱姆
Large Anemo Slime,大型风史莱姆
Electro Slime,雷史莱姆
Large Electro Slime,大型雷史莱姆
Mutant Electro Slime,变异雷史莱姆
Dendro Slime,草史莱姆
Large Dendro Slime,大型草史莱姆
Cryo Slime,冰史莱姆
Large Cryo Slime,大型冰史莱姆
Geo Slime,岩史莱姆
Large Geo Slime,大型岩史莱姆
Specter,漂浮灵
Hydro Specter,水漂浮灵
Anemo Specter,风漂浮灵
Geo Specter,岩漂浮灵
Cryo Specter,冰漂浮灵
Electro Specter,雷漂浮灵
Pyro Specter,火漂浮灵
Dendro Specter,草漂浮灵
Hilichurl,丘丘人
Hilichurl Fighter,打手丘丘人
Hilichurl Berserker,冲锋丘丘人
Wooden Shield Hilichurl Guard,木盾丘丘人
Rock Shield Hilichurl Guard,岩盾丘丘人
Ice Shield Hilichurl Guard,冰盾丘丘人
Hilichurl Shooter,射手丘丘人
Pyro Hilichurl Shooter,火箭丘丘人
Cryo Hilichurl Shooter,冰箭丘丘人
Electro Hilichurl Shooter,雷箭丘丘人
Hilichurl Grenadier,爆弹丘丘人
Cryo Hilichurl Grenadier,冰弹丘丘人
Electro Hilichurl Grenadier,雷弹丘丘人
Samachurl,丘丘萨满
Hydro Samachurl,水丘丘萨满
Anemo Samachurl,风丘丘萨满
Electro Samachurl,雷丘丘萨满
Dendro Samachurl,草丘丘萨满
Cryo Samachurl,冰丘丘萨满
Geo Samachurl,岩丘丘萨满
Mitachurl,丘丘暴徒
Wooden Shieldwall Mitachurl,木盾丘丘暴徒
Rock Shieldwall Mitachurl,岩盾丘丘暴徒
Ice Shieldwall Mitachurl,冰盾丘丘暴徒
Blazing Axe Mitachurl,火斧丘丘暴徒
Crackling Axe Mitachurl,雷斧丘丘暴徒
Stonehide Lawachurl,丘丘岩盔王
Frostarm Lawachurl,丘丘霜铠王
Thunderhelm Lawachurl,丘丘雷兜王
Hilichurl Chieftain,丘丘王
Unusual Hilichurl,奇怪的丘丘人
Hilichurl Rogue,丘丘游侠
Anemo Hilichurl Rogue,丘丘风行游侠
Hydro Hilichurl Rogue,丘丘水行游侠
Ruin Guard,遗迹守卫
Field Tiller,耕地机
Ruin Hunter,遗迹猎者
Ruin Grader,遗迹重机
Ruin Sentinel,遗迹机兵
Ruin Scout,遗迹侦察者
Ruin Defender,遗迹防卫者
Ruin Destroyer,遗迹歼击者
Ruin Serpent,遗迹巨蛇
Haftvad the Worm,七嗣之虫
Ruin Drake,遗迹龙兽
Ruin Drake: Earthguard,遗迹龙兽·地巡
Ruin Drake: Skywatch,遗迹龙兽·空巡
Aeonblight Drake,兆载永劫龙兽
Primal Construct,元能构装体
Primal Construct: Prospector,元能构装体·勘探机
Primal Construct: Reshaper,元能构装体·重塑仪
Primal Construct: Repulsor,元能构装体·力场发生器
Algorithm of Semi-Intransient Matrix of Overseer Network,半永恒统辖矩阵
Abyss Order,深渊教团
Abyss Mage,深渊法师
Pyro Abyss Mage,火深渊法师
Hydro Abyss Mage,水深渊法师
Electro Abyss Mage,雷深渊法师
Cryo Abyss Mage,冰深渊法师
Abyss Herald: Wicked Torrents,深渊使徒·激流
Abyss Herald: Frost Fall,深渊使徒·霜落
Abyss Lector: Violet Lightning,深渊咏者·紫电
Abyss Lector: Fathomless Flames,深渊咏者·渊火
Iniquitous Baptist,深罪浸礼者
Treasure Hoarders,盗宝团
Treasure Hoarders - Scout,盗宝团·斥候
Treasure Hoarders: Pyro Potioneer,盗宝团·火之药剂师
Treasure Hoarders: Hydro Potioneer,盗宝团·水之药剂师
Treasure Hoarders: Electro Potioneer,盗宝团·雷之药剂师
Treasure Hoarders: Cryo Potioneer,盗宝团·冰之药剂师
Treasure Hoarders: Handyman,盗宝团·杂工
Treasure Hoarders - Marksman,盗宝团·神射手
Treasure Hoarders: Gravedigger,盗宝团·掘墓者
Treasure Hoarders - Seaman,盗宝团·海上男儿
Treasure Hoarders - Crusher,盗宝团·粉碎者
Treasure Hoarders - Pugilist,盗宝团·拳术家
Cicin Mage,萤术士
Electro Cicin Mage,雷萤术士
Cryo Cicin Mage,冰萤术士
Cicin,飞萤
Hydro Cicin,水萤
Electro Cicin,雷萤
Cryo Cicin,冰萤
Fatui Pyro Agent,愚人众·火之债务处理人
Fatui Skirmisher,愚人众先遣队
Fatui Skirmisher - Geochanter Bracer,愚人众先遣队·岩使游击兵
Fatui Skirmisher - Anemoboxer Vanguard,愚人众先遣队·风拳前锋军
Fatui Skirmisher - Electrohammer Vanguard,愚人众先遣队·雷锤前锋军
Snezhnayan Maiden,冬国仕女
Mirror Maiden,愚人众·藏镜仕女
Frost Operative,霜役人
Wind Operative,风役人
Eye of the Storm,狂风之核
Whopperflower,骗骗花
Pyro Whopperflower,炽热骗骗花
Cryo Whopperflower,冰霜骗骗花
Electro Whopperflower,电气骗骗花
Pyro Regisvine,爆炎树
Cryo Regisvine,急冻树
Electro Regisvine,掣电树
Anemo Hypostasis,无相之风
Beth,贝特
Electro Hypostasis,无相之雷
Aleph,阿莱夫
Geo Hypostasis,无相之岩
Gimel,基末尔
Cryo Hypostasis,无相之冰
Daleth,塔勒特
Pyro Hypostasis,无相之火
Ayin,亚因
Hydro Hypostasis,无相之水
He,希伊
Dendro Hypostasis,无相之草
Zayin,扎因
Geovishap Hatchling,幼岩龙蜥
Geovishap,岩龙蜥
Primo Geovishap,古岩龙蜥
Bathysmal Vishap,深海龙蜥
Primordial Bathysmal Vishap,深海龙蜥·原种
Rimebiter Bathysmal Vishap,深海龙蜥·啮冰
Bolteater Bathysmal Vishap,深海龙蜥·吞雷
Bathysmal Vishap Herd,深海龙蜥之群
Rhodeia,洛蒂娅
Hydro Mimic Boar,幻形豕兽·水
Hydro Mimic Crab,幻形蟹·水
Hydro Mimic Mallard,幻形游禽·水
Hydro Mimic Squirrel,幻形花鼠·水
Thunder Manifestation,雷音权现
Osial,奥赛尔
Overlord of the Vortex,漩涡之魔神
The Avenger of the Vortex,漩涡的余威
Nobushi: Hitsukeban,野伏·火附番
Nobushi: Jintouban,野伏·阵刀番
Nobushi: Kikouban,野伏·机巧番
Kairagi: Fiery Might,海乱鬼·炎威
Kairagi: Dancing Thunder,海乱鬼·雷腾
Nobushi,野伏众
Yoriki Samurai,寄骑武士
Maguu Kenki,魔偶剑鬼
Perpetual Mechanical Array,恒常机关阵列
Rifthound Whelp,兽境幼兽
Rockfond Rifthound Whelp,嗜岩·兽境幼兽
Thundercraven Rifthound Whelp,嗜雷·兽境幼兽
Rifthound,兽境猎犬
Rockfond Rifthound,嗜岩·兽境猎犬
Thundercraven Rifthound,嗜雷·兽境猎犬
Golden Wolflord,黄金王兽
Wolves of the Rift,兽境之狼
Shadowy Husk,黯色空壳
Shadowy Husk: Standard Bearer,黯色空壳·旗令
Shadowy Husk: Line Breaker,黯色空壳·破阵
Shadowy Husk: Defender,黯色空壳·近卫
Black Serpent Knight,黑蛇骑士
Black Serpent Knight: Windcutter,黑蛇骑士·斩风之剑
The Black Serpents,黑蛇众
The Eremites,镀金旅团
Eremite Axe Vanguard,镀金旅团·阵前斧手
Eremite Crossbow,镀金旅团·机弩兵
Eremite Ravenbeak Halberdier,镀金旅团·鸦喙戟手
Eremite Desert Clearwater,镀金旅团·沙中净水
Eremite Sunfrost,镀金旅团·炽阳凝冰
Eremite Daythunder,镀金旅团·白日鸣雷
Eremite Sword-Dancer,镀金旅团·刀舞者
Eremite Linebreaker,镀金旅团·破阵者
Eremite Stone Enchanter,镀金旅团·魔岩役使
Eremite Galehunter,镀金旅团·灵风猎手
Eremite Scorching Loremaster,镀金旅团·炽沙叙事人
Eremite Floral Ring-Dancer,镀金旅团·叶轮舞者
Consecrated Beast,圣骸兽
Consecrated Flying Serpent,圣骸飞蛇
Consecrated Scorpion,圣骸毒蝎
Consecrated Red Vulture,圣骸赤鹫
Consecrated Fanged Beast,圣骸牙兽
Consecrated Horned Crocodile,圣骸角鳄
Wenut,沙虫
Setekh Wenut,风蚀沙虫
Marana's Avatar,无留陀的化身
Guardian of Apep's Oasis,阿佩普的绿洲守望者
Warden of the Last Oasis,终末绿洲的守望者
Heart of Oasis,绿洲之心
Revitalizing Phase,复苏阶段
Preliminary Proliferating Organism,基础增殖生命体
Predatory Proliferating Organism,掠食性增殖生命体
Protective Proliferating Organism,守护的增殖生命体
Perch Proliferating Organism,筑巢的增殖生命体
Provender Proliferating Organism,养育的增殖生命体
Pernicious Proliferating Organism,破坏的增殖生命体
Warden of Oasis Prime,起源绿洲的守望者
Clockwork Meka,发条机关
Recon Log Mek,机关·侦察记录型
Underwater Patrol Mek,机关·水下巡游型
Underwater Survey Mek,机关·水下勘测型
Geological Survey Mek,机关·地质勘探型
Nimble Harvester Mek,机关·灵活采集型
Area Alert Mek,机关·区域警戒型
Arithmetic Enhancer Mek,机关·算力增幅器
Construction Specialist Mek,建造特化型机关
Suppression Specialist Mek,压制特化型机关
Annihilation Specialist Mek,歼灭特化型机关
Assault Specialist Mek,攻坚特化型机关
Icewind Suite,冰风组曲
Coppelia,歌裴莉娅
Coppelius,科培琉司
Dirge of Coppelia,歌裴莉娅的葬送
Nemesis of Coppelius,科培琉司的劫罚
Experimental Field Generator,实验性场力发生装置
Tainted Hydro Phantasm,浊水幻灵
Water-Splitting Phantasm,浊水粉碎幻灵
Water-Spouting Phantasm,浊水喷吐幻灵
Breacher Primus,隙境原体
Shatterstone Breacher Primus,碎石隙境原体
Large Shatterstone Breacher Primus,大型碎石隙境原体
Overgrown Breacher Primus,狂蔓隙境原体
Large Overgrown Breacher Primus,大型狂蔓隙境原体
Fontemer Aberrant,原海异种
Armored Crab,重甲蟹
Sternshield Crab,坚盾重甲蟹
Armored Crab Shield,重甲护盾
Hunter's Ray,猎刀鳐
Fontemer Water Blade,原海水刃
Blubberbeast,膨膨兽
Ball Octopus,球球章鱼
Hat Jellyfish,帽子水母
Bubbler Seahorse,泡泡雄海马
Angelic Sea Hare,天使海兔
Cherubic Sea Hare,大天使海兔
Leisurely Otter,悠悠海獭
Xenochromatic Creature,异色生物
Emperor of Fire and Iron,铁甲熔火帝皇
Millennial Pearl Seahorse,千年珍珠骏麟
Hydro Tulpa,水形幻人
Maintenance Mek: Gold Leader,维护机关·澄金领队型
All-Devouring Narwhal,吞星之鲸
Xuanwen Beast,玄文兽
Solitary Suanni,隐山猊兽
Statue of Marble and Brass,白石与黄铜的造像
Legatus Golem,魔像督军
Praetorian Golem,魔像禁卫
Secret Source Automation: Hunter-Seeker,秘源机兵·寻捕械
Forged Sand Interrogator,铸砂勇士·叩问人
Forged Sand Shieldbreaker,铸砂勇士·碎盾者
Forged Sand Javelineer,铸砂勇士·投矛手
Swiftstep Seeker,疾迅勇士·引索客
Swiftstep Storm Scout,疾迅勇士·荡风斥候
Swiftstep Armed Courrier,疾迅勇士·重刃讯使
Flowing Blade Skirmisher,流刃勇士·游击人
Flowing Blade Grease-Saw,流刃勇士·锯脂者
Flowing Blade Harpoon-Thrower,流刃勇士·掷叉猎手
Winged Warrior: Skysoarer,结羽勇士·腾空士
Winged Warrior: Feathershedder,结羽勇士·削羽人
Winged Warrior: Skymaster,结羽勇士·驭空客
Spiritspeaker Warrior: Determinator,灵觉勇士·执意师
Spiritspeaker Warrior: Psychokinetic,灵觉勇士·控念师
Spiritspeaker Warrior: Contemplator,灵觉勇士·冥思者
Ferocious Warrior: Wrestler,横蛮勇士·摔跤客
Ferocious Warrior: Human Ram,横蛮勇士·冲撞手
Ferocious Warrior: Grappler,横蛮勇士·抓扑人
Tepetlisaurus Warrior: Shard Striker,嵴锋龙武士·碎晶打者
Tepetlisaurus Warrior: Rockbreaker Blade,嵴锋龙武士·破岩锐刃
Yumkasaurus Warrior: Whirling Leaves,匿叶龙武士·旋锯飞叶
Yumkasaurus Warrior: Flowing Skyfire,匿叶龙武士·流火鸣空
Koholasaurus Warrior: Waveshuttler,鳍游龙武士·穿浪之梭
Koholasaurus Warrior: Reafsplitter,鳍游龙武士·裂礁之涛
Qucusaurus Warrior: Heartstar Hammer,绒翼龙武士·膛星之锤
Qucusaurus Warrior: Blazing Sky,绒翼龙武士·长空明焰
Iktomisaurus Warrior: Icy Tidebearer,暝视龙武士·寒涌持者
Iktomisaurus Warrior: Cryocrystal Cannon,暝视龙武士·冰晶炮手
Tatankasaurus Warrior: Skybreaker,突角龙武士·破空轰动
Tatankasaurus Warrior: Spiritlight Chaser,突角龙武士·追缉灵光
Tepetlisaur Whelp,幼嵴锋龙
Tepetlisaurus,嵴锋龙
Koholasaur Whelp,幼鳍游龙
Koholasaurus,鳍游龙
Yumkasaur Whelp,幼匿叶龙
Yumkasaurus,匿叶龙
Qucusaurus Chick,幼绒翼龙
Qucusaurus,绒翼龙
Iktomisaurus Chick,幼暝视龙
Iktomisaurus,暝视龙
Tatankasaur Whelp,幼突角龙
Tatankasaurus,突角龙
Eroding Avatar of Lava,熔岩游像·蚀土者
Rock-Cavernous Wayob Manifestation,窟岩·大灵显化身
Flow-Inverted Wayob Manifestation,溯流·大灵显化身
Foliar-Swift Wayob Manifestation,疾叶·大灵显化身
Biting-Cold Wayob Manifestation,凛冽·大灵显化身
Burning-Aflame Wayob Manifestation,焚燃·大灵显化身
Tenebrous Mimiflora,深邃拟覆叶
Furnace Shell Mountain Weasel,炉壳山鼬
Gluttonous Yumkasaur Mountain King,贪食匿叶龙山王
Goldflame Qucusaur Tyrant,金焰绒翼龙暴君
Fluid Avatar of Lava,熔岩游像·流燃体
Secret Source Automation: Configuration Device,秘源机兵·构型械
Tenebrous Papilla,深邃摹结株
Gosoythoth,古斯托特
Lord of Eroded Primal Fire,蚀灭的源焰之主
Wayward Hermetic Spiritspeaker,灵觉隐修的迷者
Lava Dragon Statue,熔岩辉龙像
Angel's Share,天使的馈赠
Cat's Tail,猫尾酒馆
Good Hunter,猎鹿人
With Wind Comes Glory,荣光之风
Favonius Cathedral,西风大教堂
Yujing Terrace,玉京台
Yuehai Pavilion,月海亭
Wangsheng Funeral Parlor,往生堂
Hanfeng's Ironmongers,寒锋铁器
Naganohara Fireworks,长野原烟花店
Komore Teahouse,木漏茶室
Bantan Sango Detective Agency,万端珊瑚侦探社
Amenoma Smithy,天目锻冶屋
Netsuke no Gen Crafts,根付之源
Uyuu Restaurant,乌有亭
Shimura's,志村屋
Outlander Affairs Agency,远国监司
Syavushi Bakshesh Shoppe,葱茏之愿
Sailing Breeze,远航之风
Aisa Bathhouse,秋沙钱汤
Zubayr Theater,祖拜尔剧场
Puspa Café,普斯帕咖啡馆
Citadel of Regzar,聚砂厅
Lambad's Tavern,兰巴德酒馆
Menakeri's Treasure Shop,梅娜卡里商铺
Bimarstan,健康之家
House of Daena,智慧宫
Djafar Tavern,迪亚法饭店
Wikala Funduq,维卡拉商栈
Acara Crafts,阿折罗造像
Pharos Lighthouse,法逻斯灯塔
Amrita Pool,甘露池
Station Main Hall,总站大厅
Callas Line,卡雷斯线
Clementine Line,克莱门汀线
Navia Line,娜维娅线
Romaritime Station,海露站
Hotel Debord,德波大饭店
Café Lucerne,露泽咖啡厅
Chioriya Boutique,千织屋
Bertin's House of Curiosities,白棠珍奇屋
Beaumont Workshop,博蒙特工坊
Leschots Clockwork Workshop,莱舒的发条工坊
Lepaute Horlogerie,勒波特钟表店
Damoville Purveyor,达莫维百货
Coupon Cafeteria,特许食堂
Welfare Meal,福利餐
Rag and Bone Shop,破烂骨头商店
Pankration Ring,拳力斗技场
Pankration,拳力斗技
Weary Inn,倦意之屋
Zakan's Street Bites,扎坎小吃摊
Muhuru's Gemporium,穆胡鲁宝石铺
Throne of the Primal Fire,源火之圣座
Djembe Studios,金贝乐棚
"""Yumekizuki's Cozy Cornder""",「梦见月的舒心小站」
Proficiency,熟练度
Specialty,特殊料理
Delicious ○○,美味的〇〇
Suspicious ○○,奇怪的〇〇
Chicken-Mushroom Skewer,野菇鸡肉串
Teyvat Fried Egg,提瓦特煎蛋
Steak,烤肉排
Radish Veggie Soup,萝卜时蔬汤
Mondstadt Grilled Fish,蒙德烤鱼
Mint Jelly,薄荷果冻
Mora Meat,摩拉肉
Stir-Fried Filet,爆炒肉片
Grilled Tiger Fish,烤吃虎鱼
Pop's Teas,大碗茶
Rice Buns,米窝窝
Egg Roll,鸟蛋烧
Bird Egg Sushi,鸟蛋寿司
Sweet Shrimp Sushi,甜虾寿司
Dry-Braised Salted Fish,干烧香鱼
Soba Noodles,荞麦面
Vegetarian Abalone,素鲍鱼
Minty Bean Soup,薄荷豆汤
Duck Confit,油封鸭腿
Jadevein Tea Eggs,玉纹茶叶蛋
Chenyu Brew,沉玉茶露
Magma Eggs,乌乌黑蛋
Flaming Red Bolognese,火火肉酱面
Sweet Madame,甜甜花酿鸡
Northern Smoked Chicken,北地烟熏鸡
Cream Stew,白汁时蔬烩肉
Tea Break Pancake,庄园烤松饼
Fried Radish Balls,炸萝卜丸子
Fisherman's Toast,渔人吐司
Satisfying Salad,满足沙拉
Goulash,稠汁蔬菜炖肉
Almond Tofu,杏仁豆腐
Jueyun Chili Chicken,香嫩椒椒鸡
Jewelry Soup,珍珠翡翠白玉汤
Matsutake Meat Rolls,松茸酿肉卷
Crystal Shrimp,水晶虾
Lotus Seed and Bird Egg Soup,莲子禽蛋羹
Noodles with Mountain Delicacies,山珍热卤面
Mint Salad,凉拌薄荷
Crab Roe Tofu,蟹黄豆腐
Tuna Sushi,金枪鱼寿司
Onigiri,饭团
Mixed Yakisoba,什锦炒面
Udon Noodles,乌冬面
Sangayaki,山家烧
Grilled Unagi Fillet,蒲烧鳗肉
Crab Roe Kourayaki,蟹黄壳壳烧
Wakatakeni,若竹煮
Radish and Fish Stew,鲜鱼炖萝卜
Berry Mizu Manjuu,树莓水馒头
Katsu Sandwich,炸肉排三明治
Stir-Fried Fish Noodles,干炒鱼河
Apple Cider,苹果酿
Berry & Mint Burst,薄荷树莓饮
Wolfhook Juice,冰钩钩果汁
Sparkling Berry Juice,气泡酸莓汁
Dango Milk,团子牛奶
Selva Salad,雨林沙拉
Mushroom Hodgepodge,杂菇荟萃
Shawarma Wrap,烤肉卷
Fish With Cream Sauce,奶酱鲜鱼
Aaru Mixed Rice,阿如拌饭
Masala Cheese Balls,马萨拉芝士球
Panipuri,绿汁脆球
Curry Shrimp,咖喱虾
Rose Custard,蔷薇奶糊
Crocodile Jerky,鳄鱼肉干
Samosa,萨巴桑炸角
Cream of Mushroom Soup,奶油蘑菇汤
Fontainian Onion Soup,枫丹洋葱汤
Tasses Ragout,塔塞斯杂烩
Fontaine Aspic,水乡肉冻
Garlic Baguette,蒜香面包棍
Ile flottante,浮露白霜
Fonta,枫达
Tea-Smoked Squab,茶熏乳鸽
Qingxin Flower Cake,清心花饼
Forest of Color,多彩之森
Grainfruit Chips,的粒果片片
Puffed Grainfruit Bars,粒果膨膨棒
Cheesy Mushroom Skewer,酪烤菇菇串
Sour Sauce Ceviche,酸汁腌鱼
Fragrant Mashed Potatoes,香浓土豆泥
Golden Shrimp Balls,金丝虾球
Calla Lily Seafood Soup,嘟嘟莲海鲜羹
Cold Cut Platter,冷肉拼盘
Sticky Honey Roast,蜜酱胡萝卜煎肉
"Crab, Ham & Veggie Bake",蟹黄火腿焗时蔬
Mushroom Pizza,烤蘑菇披萨
Pile 'Em Up,堆高高
Barbatos Ratatouille,风神杂烩菜
Adventurer's Breakfast Sandwich,冒险家蛋堡
Sunshine Sprat,黄油煎鱼
Golden Chicken Burger,脆脆鸡腿堡
Stir-Fried Shrimp,清炒虾仁
Northern Apple Stew,北地苹果焖肉
Mondstadt Hash Brown,蒙德土豆饼
Fruits of the Festival,假日果酿
Sunset Berry Tea,日落莓莓茶
Fullmoon Egg,明月蛋
Universal Peace,四方和平
Triple-Layered Consommé,扣三丝
Jade Fruit Soup,琼玉果汤
Come and Get It,来来菜
Qingce Stir Fry,轻策农家菜
Squirrel Fish,松鼠鱼
Black-Back Perch Stew,水煮黑背鲈
Zhongyuan Chop Suey,中原杂碎
Lotus Flower Crisp,莲花酥
Jueyun Guoba,绝云锅巴
Sautéed Matsutake,黄油松茸
Dragon Beard Noodles,龙须面
Fruity Smoothie,果果仙酪
Fruity Duet,双果清露
More-and-More,多多烧
Unagi Chazuke,鳗肉茶泡饭
Omelette Rice,蛋包饭
Five Pickled Treasures,五宝腌菜
Taiyaki,日落鲷鱼烧
Sakura Shrimp Crackers,绯樱虾仙贝
Invigorating Kitty Meal,活力喵饭
Oncidium Tofu,文心豆腐
Braised Meat,红烩瘦肉
Rice Pudding,米饭布丁
Sakura Tempura,绯樱天妇罗
Rice Cake Soup,市井杂煮
Sakura Mochi,绯樱饼
Imported Poultry,渡来禽肉
Tri-Flavored Skewer,串串三味
Tonkotsu Ramen,兽骨拉面
Tricolor Dango,三彩团子
Minty Meat Rolls,兽肉薄荷卷
Rainbow Aster,紫苑云霓
Pita Pocket,口袋饼
Butter Chicken,黄油鸡
Milky Mushroom Crisp Tower,奶香菌菇脆塔
Charcoal-Baked Ajilenakh Cake,椰炭饼
Tahchin,米圆塔
Potato Boat,土豆船
Padisarah Pudding,帕蒂沙兰布丁
Candied Ajilenakh Nut,枣椰蜜糖
Baklava,千层酥酥
Minty Fruit Tea,薄荷曼果茶
Crispy Potato Shrimp Platter,鲜虾脆薯盏
Lasagna,肉酱千层面
Steak Tartare,生肉塔塔
Pate de Fruit,果果软糖
Fish and Chips,炸鱼薯条
Poisson Seafood Soup,白淞鲜汤
Poissonchant Pie,鱼鱼咏唱派
Conch Madeleine,晶螺糕
Fruity Trio,花果三重奏
La Lettre a Focalors,致水神
Blubber Profiterole,膨膨泡芙
A Magical Mix,魔术特调
Exclusive Scoop: Gourmet Column,独家秘闻·美食专栏
Magmic Ode,炎岩之颂
Fried Shrimp Beanballs,炸虾豆球
Tatacos,塔塔可
Bathhouse Manjuu,钱汤馒头
Saurus Crackers,龙龙饼干
Fruits Aplenty,沃陆果饮
Bountiful Year,丰年有余
Chili-Mince Cornbread Buns,辣肉窝窝头
Sashimi Platter,刺身拼盘
Chicken Tofu Pudding,鸡豆花
Golden Crab,黄金蟹
Jade Parcels,翡玉什锦袋
Tianshu Meat,天枢肉
Golden Fried Chicken,大黄金吮指鸡
Butter Crab,黄油蟹蟹
Biryani,兽米香香
Meat Lovers' Mushroom Pizza,肉肉烤蘑菇披萨
Tandoori Roast Chicken,唐杜尔烤鸡
Super Magnificent Pizza,超级至尊披萨
Vessie Chicken,韦西鸡
Stuffed N' Mashed Potatoes,夹心土豆泥
Drunken Plums in Snow,梅落雪间醉
Puff Pops,咚咚嘭嘭
Sing Your Heart Out,纵声欢唱
Glittering Gemstones,宝石闪闪
Hot Spring O'Clock,温泉时光
Harvest's Boon,丰稔之赐
Adeptus' Temptation,仙跳墙
Haggis,羊杂哈吉斯
Bulle Souffle,泡泡舒芙蕾
Mega-Meaty Sushi,肉满满寿司
Bulle Sauce Duck Breast,桔香鸭胸肉
Fontinalia Mousse,千灵慕斯
Consomme,百味一缕
Rainbow Macarons,缤纷马卡龙
Honey Char Siu,蜜汁叉烧
Crisp Croissant Combo,酥酥羊角包
Blubbrecream,膨膨冰淇淋
Fricassee de Poulet,奶油炖鸡
Chocolate,巧克力
Blazed Meat Stew,火焰炖肉
Grainfruit Mear Soup,粒果肉汤
Grilled in Mint Sauce,薄荷酱烤鱼
Cup O'Grainfruit,粒果杯
Xocoatl,苦水
Mystique Soup,奇瑰之汤
Grainfruit Wrap,粒果裹裹
Cheesy Crab Hotpot,酪香蟹蟹锅
Outrider's Champion Steak!,侦察骑士烤肉
Fruity Skewers,果香串烤
Lighter-Than-Air Pancake,厚云朵松饼
Mysterious Bolognese,魔法肉酱面
Spicy Stew,辣味时蔬烩肉
Teyvat Charred Egg,提瓦特焦蛋
Puppy-Paw Hash Brown,爪爪土豆饼
Nutritious Meal (V.593),伍玖叁式营养餐
Die Heilige Sinfonie,祝圣交响乐
Dinner of Judgment,审判的晚宴
Once Upon a Time in Mondstadt,蒙德往事
Der Weisheit Letzter Schluss (Life),至高的智慧（生活）
Fish-Flavored Toast,鱼香吐司
Woodland Dream,林之梦
Stormcrest Pie,骇浪派
Surveyor's Breakfast Sandwich,测绘员蛋堡
A Buoyant Breeze,真·风神杂烩菜
Wanmin Restaurant's Boiled Fish,万民堂水煮鱼
All-Delicacy Parcels,江湖百味
Cold Noodles with Mountain Delicacies,山珍凉卤面
Flash-Fried Filet,炝炒肉片
Qiankun Mora Meat,乾坤摩拉肉
Rockin' Riffin' Chicken!,摇·滚·鸡
No Tomorrow,没有未来菜
Survival Grilled Fish,绝境求生烤鱼
Sweet Dream,美梦
Prosperous Peace,盛世太平
Ghostly March,幽幽大行军
Cloud-Shrouded Jade,云遮玉
Qingce Household Dish,轻策家常菜
A Prize Catch,极致一钓
Dew-Dipped Shrimp,沾露虾仁
My Way,自有方圆
Heartstring Noodles,连心面
Encompassing Gladness,四喜圆满
Yummy Yum Cha,得闲饮茶
Jade-Cut Flowers,玉剪着花
Dizziness-Be-Gone no Jutsu Version 2.0,头晕回避术·改
Warmth,暖意
All-Weather Beauty,雨奇晴好
Snow on the Hearth,红炉一点雪
Quiet Elegance,「静寂闲雅」
Summer Festival Fish,夏祭游鱼
A Stunning Stratagem,奇策
Victorious Legend,常胜传说
Fukuuchi Udon,福内乌冬
Way of the Strong,强者之道
Omurice Waltz,蛋包饭圆舞曲
Faith Eternal,永恒的信仰
The Only Truth,唯一的真相
Energizing Bento,朝气盒饭
Dreams of Healing,一梦治愈
Forest Watcher's Choice,巡林官精选
Duel Soul,决斗之魂
Swirling Steps,婆娑一舞
Extravagant Slumber,安眠奢想
Ideal Circumstance,「理想情况」
Show Me the Mora,摩拉急速来
Halvamazd,哈瓦玛玛兹
Shimi Chazuke,真味茶泡饭
Goldflame Tajine,炽金之锅
Utmost Care,关怀备至
The Endeavor,悉心一作
Traditionally-Made Charcoal-Baked Ajilenakh Cake,古法秘制椰炭饼
Super-Dee-Duper Delicious Meat Roll,烤肉香香香卷
Cubic Tricks,方块戏法
A Leisurely Sip,午后闲茶
Seabird's Sojourn,海鸟的驻足
Consomme Purete,缥雨一滴
Secret Sauce BBQ Ribs,秘烤肋排
Pour la Justice,普茹斯蒂司
Sin: The Kind that Doesn't Need to be Dealt With,罪恶·非必要处理型
Fashion Show,时装秀
Pick What You Like!,选你喜欢的！
Hearthfire's Trail,炉火的往迹
Tagged and Bagged,猎获
Well-Balanced Meal,膳食均衡餐
A Fragrant Feast of Flavors,香馥繁味
Impeccably Organized,齐齐整整
Pass the Luck,好运传递
Saurian Hunter's Reward,猎龙者的犒赏
Fruit-Flavored Milk Candies,果味奶糖
Moment of Respite,歇止一刻
Honey-Glazed Ceviche,蜜汁腌鱼
Hymn of Gathered Flame,簇火赞歌
Secret Art,独门秘法
Mt. Mushroom(For One),菇菇山脉(单人份)
Gold-Standard Healthy Meal,金牌健康餐
Sunsettia,日落果
Mint,薄荷
Sweet Flower,甜甜花
Pinecone,松果
Apple,苹果
Mushroom,蘑菇
Berry,树莓
Snapdragon,金鱼草
Horsetail,马尾
Seagrass,海草
Lavender Melon,堇瓜
Raw Meat,兽肉
Chilled Meat,冷鲜肉
Fowl,禽肉
Smoked Fowl,熏禽肉
Fish,鱼肉
Crab,螃蟹
Milk,牛奶
Wheat,小麦
Flour,面粉
Zaytun Peach,墩墩桃
Sumeru Rose,须弥蔷薇
Harra Fruit,香辛果
Spice,香辛料
Glabrous Beans,秃秃豆
Coffee Beans,咖啡豆
Ajilenakh Nut,枣椰
Mysterious Meat,神秘的肉
Bulle Fruit,泡泡桔
Marcotte,茉洁草
Tidalga,汐藻
Fermented Juice,发酵果实汁
Grainfruit,颗粒果
Red Berryshroom,红果果菇
Brilliant Diamond Gemstone,璀璨原钻
Agnidus Agate Gemstone,燃愿玛瑙
Agnidus Agate Chunk,燃愿玛瑙块
Agnidus Agate Fragment,燃愿玛瑙断片
Agnidus Agate Sliver,燃愿玛瑙碎屑
Varunada Lazurite Gemstone,涤净青金
Varunada Lazurite Chunk,涤净青金块
Varunada Lazurite Fragment,涤净青金断片
Varunada Lazurite Sliver,涤净青金碎屑
Vajrada Amethyst Gemstone,最胜紫晶
Vajrada Amethyst Chunk,最胜紫晶块
Vajrada Amethyst Fragment,最胜紫金断片
Vajrada Amethyst Sliver,最胜紫金碎屑
Vayuda Turquoise Gemstone,自在松石
Vayuda Turquoise Chunk,自在松石块
Vayuda Turquoise Fragment,自在松石断片
Vayuda Turquoise Sliver,自在松石碎屑
Shivada Jade Gemstone,哀叙冰玉
Shivada Jade Chunk,哀叙冰玉块
Shivada Jade Fragment,哀叙冰玉断片
Shivada Jade Sliver,哀叙冰玉碎屑
Prithiva Topaz Gemstone,坚牢黄玉
Prithiva Topaz Chunk,坚牢黄玉块
Prithiva Topaz Fragment,坚牢黄玉断片
Prithiva Topaz Sliver,坚牢黄玉碎屑
Nagadus Emerald Gemstone,生长碧翡
Nagadus Emerald Chunk,生长碧翡块
Nagadus Emerald Fragment,生长碧翡断片
Nagadus Emerald Sliver,生长碧翡碎屑
Primogem,原石
Intertwined Fate,纠缠之缘
Acquaint Fate,相遇之缘
Genesis Crystal,创世结晶
Masterless Stardust,无主的星尘
Mora,摩拉
Original Resin,原粹树脂
Fragile Resin,脆弱树脂
Condensed Resin,浓缩树脂
Transient Resin,须臾树脂
Sanctifying Unction,祝圣油膏
Sanctifying Essence,祝圣精华
Anemoculus,散失的风神瞳
Geoculus,散失的岩神瞳
Electroculus,散失的雷神瞳
Dendroculus,散失的草神瞳
Hydroculus,散失的水神瞳
Pyroculus,散失的火神瞳
Anemoculus Resonance Stone,风神瞳共鸣石
Geoculus Resonance Stone,岩神瞳共鸣石
Electroculus Resonance Stone,雷神瞳共鸣石
Dendroculus Resonance Stone,草神瞳共鸣石
Hydroculus Resonance Stone,水神瞳共鸣石
Pyroculus Resonance Stone,火神瞳共鸣石
Crimson Agate,绯红玉髓
Spirit Carp,苍灵鲤
Crystal Core,晶核
City States Sigil,七国之印
Anemo Sigil,风之印
Geo Sigil,岩之印
Electro Sigil,雷之印
Dendro Sigil,草之印
Hydro Sigil,水之印
Pyro Sigil,火之印
Adepti Seeker's Stove,「寻仙的美食家」
Warming Bottle,放热瓶
Wind Catcher,捕风瓶
Geo Treasure Compass,岩之寻宝罗盘
Electro Treasure Compass,雷之寻宝罗盘
Dendro Treasure Compass,草之寻宝罗盘
Hydro Treasure Compass,水之寻宝罗盘
Pyro Treasure Compass,火之寻宝罗盘
NRE (Menu 30),叁零式·便携营养袋
Portable Waypoint,口袋锚点
Kamera,留影机
Parametric Transformer,参量质变仪
Dream Solvent,异梦溶媒
Waverider Repair Toolbox,浪船修理箱
Hunting Trap,狩猎陷阱
Memento Lens,「留念镜」
Peculiar Pinion,奇特的羽毛
Red Feather Fan,赤羽团扇
Key Sigil,键纹
Domain Reliquary,深秘圣物匣
Lumenstone Adjuvant,流明石触媒
Lumenspar,流明晶石
Lumenstone Ore,流明石原矿
Glazed Sand Crystal,琉璃晶砂
Orb of the Blue Depths,渊青宝珠
Flower of Farsight,远眺之花
Skyfeather,高翔之羽
Cup of Commons,共饮之杯
Helm of Warding,庇佑之冠
Warrior's Spear,同泽之枪
The Boon of the Elder Tree,王树瑞佑
Ultra-Hot Burner Lamp Test Model,试验型超燃灯
Fishing Line Stabilizer,鱼线稳定器
Ancient Autoharmonic Music Box,古老的自鸣音乐盒
Nightwind Horn,晚风圆号
Wanderer's Advice,流浪者的经验
Adventurer's Experience,冒险家的经验
Hero's Wit,大英雄的经验
Enhancement Ore,精锻用杂矿
Fine Enhancement Ore,精锻用良矿
Mystic Enhancement Ore,精锻用魔矿
Headshield Potion,耐热药剂
Desiccant Potion,防潮药剂
Frostshield Potion,耐寒药剂
Windbarrier Potion,防风药剂
Insulation Potion,绝缘药剂
Dustproof Potion,防尘药剂
Flaming Essential Oil,烈火精油
Streaming Essential Oil,激流精油
Frosting Essential Oil,霜劫精油
Gushing Essential Oil,狂风精油
Shocking Essential Oil,惊雷精油
Unmoving Essential Oil,磐石精油
Mist Flower,冰雾花
Mist Flower Corolla,冰雾花花朵
Flaming Flower,烈焰花
Flaming Flower Stamen,烈焰花花蕊
Viparyas,毗波耶
Pluie Lotus,久雨莲
Northlander Sword Billet,北陆单手剑原胚
Northlander Bow Billet,北陆弓原胚
Northlander Claymore Billet,北陆双手剑原胚
Northlander Polearm Billet,北陆长柄武器原胚
Northlander Catalyst Billet,北陆法器原胚
Midlander Sword Billet,央陆单手剑原胚
Midlander Bow Billet,央陆弓原胚
Midlander Claymore Billet,央陆双手剑原胚
Midlander Polearm Billet,央陆长柄武器原胚
Midlander Catalyst Billet,央陆法器原胚
Iron Chunk,铁块
White Iron Chunk,白铁块
Crystal Chunk,水晶块
Magical Crystal Chunk,魔晶块
Starsilver,星银矿石
Electro Crystal,电气水晶
Amethyst Lump,紫晶块
Condessence Crystal,萃凝晶
Crystalfish,水晶宴
Dawncatcher,擒霞客
Betta,斗棘鱼
Akai Maou,赤魔王
Lunged Stickleback,肺棘鱼
Snowstrider,雪中君
Divda Ray,迪芙妲鳐
Floating Ray,幽浮鳐
Formalo Ray,佛玛洛鳐
Brown Shirakodai,流纹褐蝶鱼
Abiding Angelfish,长生仙
Raimei Angelfish,雷鸣仙
Moonfin,月光鳍
Purple Shirakodai,流纹京紫蝶鱼
Tea-Colored Shirakodai,流纹茶蝶鱼
Golden Koi,金赤假龙
Pufferfish,炮鲀
Bitter Pufferfish,苦炮鲀
Maintenance Mek: Initial Configuration,维护机关·初始能力型
Maintenance Mek: Situation Controller,维护机关·态势控制者
Maintenance Mek: Platinum Collection,维护机关·白金典藏型
Dusk Sunfish,晚霞翻车鲀
Pseudoshark Unihornfish,伪装鲨鲨独角鱼
Bejeweled Unihornfish,宝石独角鱼
Phony Phlogiston Unihornfish,拟似燃素独角鱼
Greenwave Sunfish,青浪翻车鲀
Peach of the Deep Waves,沉波蜜桃
Halcyon Jade Axe Marlin,翡玉斧枪鱼
Floral Rapidfighting Fish,繁花斗士急流鱼
Diving Rapidfighting Fish,深潜斗士急流鱼
Bait,鱼饵
Fruit Paste Bait,果酿饵
Redrot Bait,赤糜饵
False Worm Bait,蠕虫假饵
Fake Fly Bait,飞蝇假饵
Sugardew Bait,甘露饵
Sour Bait,酸桔饵
Flashing Maintenance Mek Bait,维护机关频闪诱饵
Spinelgrain Bait,澄晶果粒饵
Emberglow Bait,温火饵
Teyvat Travel Guide,提瓦特游览指南
The Mondstadt Tower,蒙德高塔
Draft Hilichurl Ballads,丘丘语诗歌试作
The Legend of Vennessa,温妮莎传奇
The Boar Princess,野猪公主
The Little Witch and the Undying Fire,小魔女与不熄灭的火
The Feline Firm,猫咪事务所
Princess Mina of the Fallen Nation,亡国的美奈姬
Flowers for Princess Fischl,菲谢尔皇女夜谭
Yakshas: The Guardian Adepti,仙众夜叉 / 护法仙众夜叉录
Mt. Lingmeng Gossip,灵濛山夜话
Sangonomiya Chronicles,珊瑚宫记
A Legend of Sword,沉秋拾剑录
New Chronicles of the Six Kitsune,新六狐传
Shogun Almighty: Reborn as Raiden With Unlimited Power,转生成为雷电将军，然后天下无敌
"Pretty Please, Kitsune Guuji?",拜托了我的狐仙宫司
Before Sun and Moon,日月前事
The Serpent and Drakes of Tokoyokoku,常世国龙蛇传
"In the Light, Beneath the Shadow",光昼影底集
Hydrological Studies in Byakuyakoku,白夜国地理水文考
Glimpses of Mysterious Inazuma,稻妻秘见录
A Thousand Nights,千夜故事集
The History of the Decline and Fall of Remuria,雷穆利亚衰亡史
Fables de Fontaine,枫丹动物寓言集
Robben versus Chesterton: Iridescent Brooch,怪盗与名侦探：虹彩胸针之谜
The Fall of the Faded Castle,褪色古堡的崩塌
La Chanson d'Erinnyes,伊黎耶之歌
Tales of a Snow-Winged Goose,雪翅雁童话集
Time Trekker,旅时者
Perinheri,裴伦埃里
Anecdota Septentrionalis,北境秘史
The Two Musketeers,两个铳枪手
Dreams of the Ancient Capital,旧都梦夜奇谭
The Tale of Qoyllor and Ukuku,奎伊露和乌库库的故事
Maawe and Monetto,玛阿威与幻写灵
The Page Princess and the Six Pygmies,白之公主与六侏儒
Record of Hanan Pacha,哈南帕查记事
The Volcano Lord and the Shadow Pins,火山大王与缝影针
The Tale of Kuntur,昆图尔的故事
Fires of Autumn Twilight,秋暮之炎
The Headless Coquitao,无头的科奎塔奥
Festive Drum,绮筵之鼓
Aranyaka,森林书
Vintage Lyre,老旧的诗琴
Scarlet Sand Slate,赤沙石板
Crystalfly Trap,晶蝶诱捕装置
Wind-Powered Wind Generator,借动式鼓风装置
Itty Bitty Octobaby,柔柔小章
Portable Aerodynamic Gelatinous Bubble Generator,便携式空气动力胶质泡生发器
Special Analysis Zoom Lens,特殊分析变焦镜头
Image Sampling Kamera,图形样本留影机
Graffiti Kamera,涂鸦留影机
Paimon's Kamera,派蒙的留影机
Mementos of Teyvat Albums,提瓦特忆册
Firstborn Firesprite,初诞灵焰
Djem Djem Drum,聚聚鼓
Ukulele,悠可琴
Cleansing Bell,涤尘铃
Key of the Moon-bathed Deep,月浴渊之钥
Waters of Lethe,忘川之水
Dragonbone Orb,龙骨花凝珠
Archaic Stone,老石
Arahaoma,兰赫玛
Bija,惟耶之实
Unsealed Parchment,启封的羊皮卷
Lost Energy Block,遗落的能量块
Chess Piece,棋子
Activation Device,激活器件
Korybantes,俱利般地
Kory Drum,俱利鼓
Udumbara Pistil,忧昙花的花蕊
Great Song of Khvarena,灵光绝唱
Magic Pocket,魔术口袋
"""Opera House Switcheroo"" Case Record",「歌剧院交换魔术」案件记录册
"""Water and Missing Person"" Case Record",「水与失踪者」案件记录册
Liliacruces Treasure,十字铃兰秘宝
Holy Blade of Narzissenkreuz,「水仙十字圣剑」
Enigmatic Page,神秘的书页
Mysterious Core,神秘的核心
Strange Part,奇特的零件
Credit Coupon,特许券
Hydro Phantasm Taint-B-Gone,浊水幻灵克星
Candlecap Mushroom,烛伞蘑菇
Embercore Flower,烬芯花
Spinel Fruit,澄晶实
Cacahuatl,苦种
Night Jade,夜之玉
Blazing Flint Ore,灼燃的燧原矿
Pilgrim's Chronicle,圣夜旅织
Felix Felicium,「幸运祝福」
Path of Turnfire,回火之路
"Somewhat Aged Copy of ""Tequit the Brave""",略显陈旧的《勇敢的特奎》
"Spanking New Copy of ""Tequit the Brave""",整洁崭新的《勇敢的特奎》
A Nameless Adventurer's Notes,无名冒险家的笔记
Saurus Crackers: Tatankasaurus,龙龙饼干·突角
Saurus Crackers: Qucusaurus,龙龙饼干·绒翼
Saurus Crackers: Yumkasaurus,龙龙饼干·匿叶
Saurus Crackers: Iktomisaurus,龙龙饼干·暝视
Saurus Crackers: Koholasaurus,龙龙饼干·鳍游
Saurus Crackers: Tepetlisaurus,龙龙饼干·嵴锋
Hu Tao: Plum Branch,「胡桃·梅枝」
Zhongli: Rex Coin,「钟离·帝钱」
Green Berryshroom,绿果果菇
That Which Was Once Ehecatl,曾是「厄卡特尔」之物
Wind Glider,风之翼
Sea Bleeze Dandelion,海风之梦
Summertime Sparkle,闪耀协奏
Orchid's Evening Gown,纱中幽兰
Ein Immernachtstraum,极夜真梦
Springbloom Missive,花时来信
A Sobriquet Under Shade,叶隐芳名
Blossoming Starlight,琪花星烛
Sailwind Shadow,帆影游风
Banboo Rain,雨化竹身
Twilight Blossom,玄玉瑶芳
FrostFlower Dew,冷花幽露
Breeze of Sabaa,莎邦之息
Phantom in Boots,倩影游侠
Elemental Lifeform,元素生命
Seelie,仙灵
Seelie Court,仙灵之庭
Warming Seelie,温暖仙灵
Electro Seelie,雷灵
Luminous Seelie,发光仙灵
Crystalfly,晶蝶
Anemo Crystalfly,风晶蝶
Geo Crystalfly,岩晶蝶
Cryo Crystalfly,冰晶蝶
Electro Crystalfly,雷晶蝶
Dendro Crystalfly,草晶蝶
Hydro Crystalfly,水晶蝶
Forest Boar,野林猪
Snowboar,雪猪
Great Snowboar King,大雪猪王
Weasel Thief,盗宝鼬
Amateur Weasel Thief,新手盗宝鼬
Hoarder Weasel Thief,藏金盗宝鼬
Golden Weasel Thief,大黄金盗宝鼬
Bluethunder Weasel,青雷鼬
Quicksand Unagi,流沙鳗鳗
Redbill Pelican,朱喙鹈鹕
Fluff-Fleece Goat,柔柔羊
Jadestone Turtle,玉璜龟
Venerable Jadestone Turtle,玉璜古龟
Velvetfall Duck,秋绒鸭
Jade Heartfeather Bass,玉玉心羽鲈
Lucklight Fly,吉光虫
Malachitin Lumibug,珉光虫
Bake-Danuki,妖狸
Ghostfish,冥鱼
Aranara,兰那罗
Dusk Bird,暝彩鸟
Desert Sumpter Beast,骆骆驮兽
Rishboland Tiger,长鬓虎
Spinocrocodile,棘冠鳄
Scorpion,毒蝎
Red Vulture,赤鹫
Flying Serpent,飞蛇
Gator Raja,鳄鱼大王
Sumpter Beastlord,驮兽大王
Jinni,镇灵
Signal Spirit,风之厄灵
Pari,花灵
Khvarena,灵光
countless motes of Khvarena,灵光百种
Farrwick,灵芯
Residual Pari of the Forest,谷木的残灵
Khvarena Mayfly,灵光游蜉
Amrita Mayfly,甘露游蜉
Oceanid / Lochfolk,纯水精灵
Guard Poodle,卫兵犬
Gentleman Poodle,绅士犬
Lady Poodle,淑女犬
Redcrown Finch,红冠雀
Umbrellafinch,伞雀
Magenta Fantail Pigeon,洋红扇尾鸽
Violetgold Angler Gull,紫金渔鸥
Bullet Barnacle,子弹藤壶
Barnacle Bullet,藤壶子弹
Wayob,大灵
Blue Mountain Spoonbill,山蓝琵鹭
Red Flamingo,赤鹳
Halberd-Crest Bird,戟冠鸟
Thick-Feathered Ruffed Pheasant,厚羽围脖雉
Flowcurrent Bird,浮流鸟
Flowfire Bird,浮燃鸟
Brown Deer,棕鹿
Alpaca,绵驮兽
Capybara,豚兽
Long-Necked Rhino,长颈角犀
Flying Squirrel,飞鼯
Pyro Crystalfly,火晶蝶
Phlogiston Aphid,燃素蜜虫
Crystal Beetle,固晶甲虫
Cacaua Goat,苦苦羊
Ancient Scarlet-Plume Finch,朱羽古团雀
Ancient Firewalker Spoonbill,游炎古琵鹭
Teyvat,提瓦特
Celestia,天空岛
Mondstadt,蒙德
Mondstadter,蒙德人
Starfell Valley,坠星山谷
Stormbearer Point,望风角
Stormbearer Mountains,望风山地
Starfell Lake,星落湖
Whispering Woods,低语森林
Cider Lake,果酒湖
Starsnatch Cliff,摘星崖
Thousand Winds Temple,千风神殿
Galesong Hill,风啸山坡
Windrise,风起地
Falcon Coast,鹰翔海滩
Dadaupa Gorge,达达乌帕谷
Windwail Highland,苍风高地
Springvale,清泉镇
Dawn Winery,晨曦酒庄
Wolvendom,奔狼岭
Drunkard Gorge,醉汉峡
Brightcrown Mountains,明冠山地
Brightcrown Canyon,明冠峡
Dragonspine,龙脊雪山
Snow-Covered Path,覆雪之路
Entombed City - Ancient Palace,雪葬之都·旧宫
Skyfrost Nail,寒天之钉
Starglow Cavern,星荧洞窟
Wyrmrest Valley,眠龙谷
Entombed City - Outskirts,雪葬之都·近郊
Dornman Port,荆夫港
Geyser Realm,泉之境
Musk Reef,马斯克礁
Liyue,璃月
Liyue Harbor,璃月港
Feiyun Slope,绯云坡
Jade Chamber,群玉阁
Blackcliff Forge,黑岩厂
Golden House,黄金屋
Lisha,璃沙郊
Mt. Tianheng,天衡山
Qingxu Pool,青墟浦
Lingju Pass,灵矩关
Dunyu Ruins,遁玉陵
Qiongji Estuary,琼玑野
Guili Plains,归离原
Mingyun Village,明蕴镇
Yaoguang Shoal,瑶光滩
Sal Terrae,地中之盐
Tianqiu Valley,天遒谷
Jueyun Karst,绝云间
Nantianmen,南天门
Mt. Hulao,琥牢山
Qingyun Peak,庆云顶
Huaguang Stone Forest,华光林
Bishui Plain,碧水原
Wangshu Inn,望舒客栈
Stone Gate,石门
Wuwang Hill,无妄坡
Qingce Village,轻策庄
Sea of Clouds,云来海
Guyun Stone Forest,孤云阁
Qiaoying Village,翘英庄
Chenyu Vale,沉玉谷
The Chasm,层岩巨渊
Fuao Vale,伏鳌谷
The Surface,地面矿区
The Chasm's Maw,巨渊之口
Cinnabar Cliff,丹砂崖
Glaze Peak,琉璃峰
Tiangong Gorge,天工峡
Lumberpick Valley,采樵谷
The Chasm: Underground Mines,层岩巨渊·地下矿区
Ad-Hoc Main Tunnel,临时主矿道
The Serpent's Cave,巨蛇岩洞
The Chasm: Main Mining Area,巨渊主矿区
Underground Waterway,地下水泽
Stony Halls,崎岖石厅
Nameless Ruins,无名遗迹
The Glowing Narrows,荧光狭道
Yilong Wharf,遗珑埠
Mt. Mingyuan,暝垣山
Mt. Lingmeng,灵濛山
Jademouth,宝玦口
Chenlong Cleft,沉珑渊
Lingshu Courtyard,灵枢庭
Teatree Slope,古茶树坡
Yaodie Valley,药蝶谷
Chizhang Wall,赤璋城垣
Chiwang Terrace,赤望台
Carp's Rest,锦落庭
Mt. Xuanlian,悬练山
Inazuma,稻妻
Inazuman,稻妻人 / 稻妻的
Narukami Island,鸣神岛
Inazuma City,稻妻城
Byakko Plain,白狐之野
Amakane Island,甘金岛
Chinju Forest,镇守之森
Mt. Yougou,影向山
Kamisato Estate,神里屋敷
Ritou,离岛
Araumi,荒海
Jinren Island,刃连岛
Kannazuka,神无冢
Mikage Furnace,御影炉心
Kujou Encampment,九条阵屋
Musoujin Gorge,无想刃狭间
Higi Village,绯木村
Serpent's Head,蛇神之首
Jakotsu Mine,蛇骨矿洞
Sangonomiya Shrine,珊瑚宫
Bourou Village,望泷村
Mouun Shrine,矇云神社
Suigetsu Pool,水月池
Enkanomiya,渊下宫
The Serpent's Bowels,蛇肠之道
The Narrows,狭间之街
Dainichi Mikoshi,大日御舆
Evernight Temple,常夜灵庙
The Serpent's Heart,蛇心之地
Vishap Research Lab,龙蜥研究所
Seirai Island,清籁岛
Koseki Village,越石村
Seiraimaru,「清籁丸」
Asase Shrine,浅濑神社
Tsurumi Island,鹤观
Shirikoro Peak,知比山
Oina Beach,笈名海滨
Chirai Shrine,千来神祠
Autake Plains,逢岳之野
Moshiri Ceremonial Site,茂知祭场
Wakukau Shoal,惑饲滩
Sumeru,须弥
Sumeru City,须弥城
Treasures Street,宝商街
Grand Bazaar,大巴扎
Sanctuary of Surasthana,净善宫
Razan Garden,寂静园
Avidya Forest,道成林
Gandharva Ville,化城郭
Gandha Hill,香醉坡
Chinvat Ravine,离渡谷
Yazadaha Pool,天臂池
Ardravi Valley,阿陀河谷
Port Ormos,奥摩斯港
Vimara Village,维摩庄
Devantaka Mountain,降诸魔山
Dev's Cavern,迪弗旧窟
Lokapala Jungle,护世森
Mawtiyima Forest,无郁稠林
The Palace of Alcazarzaray,卡萨扎莱宫
Ashavan Realm,善见地
Pardis Dhyai,禅那园
Apam Woods,水天丛林
Ruins of Dahri,荼诃之座
Caravan Ribat,喀万驿
Grove of Dreams,梦景林莽
The Rain's End,雨的尽头
Vissudha Field,二净甸
Fane of Ashvattha,觉王之殿
Lost Nursery,失落的苗圃
Sand-Embraced Home,沙中故里
Land of Grounded Dreams,失梦的国土
Land of Lower Setekh,下风蚀地
Aaru Village,阿如村
Eye of the Sands,沙之眼
Khaj-Nisut,圣显厅
Abdju Road,舍身步道
Abdju Pit,舍身陷坑
Dar al-Shifa,活力之家
Lamb-Devourer Rock,吞羊岩
Land of Upper Setekh,上风蚀地
Valley of Dahri,荼诃落谷
Sobek Oasis,丰饶绿洲
Hypostyle Desert,列柱沙原
Khemenu Temple,秘仪圣殿
The Dune of Carouses,饱饮之丘
The Dune of Elusion,避让之丘
The Mausoleum of King Deshret,赤王陵
Opet Hall,祝祭厅
Great Hall of Truths,衡准大厅
Duat Hall,渡厄厅
Sekhem Hall,权杖厅
Aaru's Shut,阿如的倒影
Great Red Sand,大赤沙海
Desert of Hadramaveth,千壑沙地
Tanit Camps,塔尼特露营地
Wadi Al-Majuj,巨人峡谷
The Temples Forsaken,神弃殿阁
Safhe Shatranj,「神的棋盘」
Passage of Ghouls,亡者狭廊
Qusayr Al-Inkhida',愚妄行宫
Mt. Damavand,达马山
Wounded Shin Valley,折胫谷
The Sands of Three Canals,「三运河之地」
Debris of Panjvahe,「五绿洲」的孑遗
Wenut Tunnels,沙虫隧道
Gurabad's Ruin - Temple of Deshret,居尔城墟·赤王神殿
Liloupar's Cell,镇灵监牢
Bayt Al-Hayah,生命之殿
Bayt Al-Muazzam,君王之殿
Deshret's Glass Goblet,「赤王的水晶杯」
The Orchard of Pairidaeza / Eternal Oasis,永恒绿洲
Gavireh Lajavard,荒石苍漠
Temir Mountains,铁穆山
Tunigi Hollow,荼泥黑渊
Gate of Zulqarnain,阻勒隘
Samudra Coast,聚香海岸
Hangeh Afrasiyab,逾渊地墟
Vourukasha Oasis,甘露花海
Asipattravana Swamp,锋刃林泽
Tulaytullah,图莱杜拉
Madinat al-Nuhas,精石铜城
Chemin Oublie,遗忘之路
flowery sea,花海
Sunyata Lake,净觉湖
Bayda Harbor,拜达港
Dahri,荼诃
Dahrian,荼诃人 / 荼诃的
Fontaine,枫丹
Fontainian,枫丹人 / 枫丹的
Court of Fontaine Region,枫丹廷区
Court of Fontaine,枫丹廷
Palais Mermonia,沫芒宫
Court Region Waterway Hub,廷区水道枢纽
Vasari Passage,瓦萨里回廊
Quartier Lyonnais,利奥奈区
Quartier Narbonnais,纳博内区
Fleuve Cendre,灰河
Erinnyes,伊黎耶岛
Marcotte Station,茉洁站
Fountain of Lucine,露景泉
Opera Epiclese,欧庇克莱歌剧院
Opera House,歌剧院
Belleau Region,白露区
Romaritime Harbor,海露港
Poisson,白淞镇
West Slopes of Mont Automnequi,秋分山西侧
Mont Automnequi,秋分山
Poisson Tunnel,白淞隧道
Beryl Region,苍晶区
Elynas,厄里那斯
Merusea Village,海沫村
"""A Very Warm Place""",「特别温暖的地方」
"""A Lonely Place""",「寂寞的地方」
"""A Very Bright Place""",「很明亮的地方」
Nice to Meet You,很高兴见到你
Source of All Waters: The Great Fontaine Lake,万水之源·大枫丹湖
Elton Trench,埃尔顿海沟
Salacia Plain,塞洛海原
Chemin de L'Espoir,希望之路
Thalatta Submarine Canyon,塔拉塔海谷
Institute of Natural Philosophy,自然哲学学院
Annapausis,安眠处
Liffey Region,黎翡区
Fortress of Meropide,梅洛彼得堡
Fontaine Research Institute of Kinetic Energy Engineering Region,枫丹动能工程科学研究院区
Petrichor,佩特莉可
Morte Region,莫尔泰区
Erinnyes Forest,伊黎耶林区
Mont Esus East,芒索斯山东麓
Central Laboratory Ruins,中央实验室遗址
New Fontaine Research Institute,新枫丹科学院
Loch Urania,优兰尼娅湖
Weeping Willow of the Lake,湖中垂柳
Foggy Forest Path,幽林雾道
Lumidouce Harbor,柔灯港
Fort Charybdis Ruins,卡布狄斯堡遗迹
East Slopes of Mont Automnequi,秋分山东侧
Tower of Ipsissimus,自体自身之塔
Nostoi Region,诺思托伊区
Faded Castle,褪色古堡
Sea of Bygone Eras,旧日之海
Initinum Iani,雅努斯之门
Hortus Euergetis,优恩花园
Alta Semita,崇高大道
Clivus Capitolinus,卡皮托林山
Collegium Phonascorum,谐律院
The Wingalet,维恩歌莱号
Natlan,纳塔
Night Kingdom,夜神之国
Tequemecam Valley,坚岩隘谷
"""Children of Echoes""",「回声之子」
Sulfurous Veins,硫晶支脉
Rift in the Mountains,山脉的横裂
Waterlogged Ruins,漫水的古迹
Land of Myriad Megaliths,众岩之里
Tepeacac Rise,隆崛坡
Basin of Unnumbered Flames,万火之瓯
Huitztli Hill,柴薪之丘
Stadium of the Sacred Flame,圣火竞技场
Stadium of the Sacred Flame: Chuwen Fair,圣火竞技场·楚汶市集
Stadium of the Sacred Flame: Temple of Pax,圣火竞技场·帕克斯神庙
Tablet of Tona,煅石之轮
Speaker's Chamber,话事处
Coatepec Mountain,踞石山
"""Scions of the Canopy""",「悬木人」
Teticpac Peak,彩石顶
Ancestral Temple,祖遗庙宇
Abandoned Temple's Sanctuary of Offerings,遗留庙宇的祭奠所
Phlogiston Extraction Research Center,燃素开采研究所
Toyac Springs,涌流地
"""People of the Springs""",「流泉之众」
Ameyalco Waters,溶水域
The Upper Sanctum,浮土静界
Firethief's Secret Isle,窃火者密岛
"""Flower-Feather Clan""",「花羽会」
"""Masters of the Night-Wind""",「烟谜主」
"""Collective of Plenty""",「沃陆之邦」
Quahuacan Cliff,翘枝崖
Malinalco Grotto,荧草窟
Xalac Vale,漫曛谷
Scorchwind Trial Grounds,焚风试炼处
Sacrificial Altar of Enigmatic Land,谜土祭祀场
Ochkanatlan,奥奇卡纳塔
Furnace of Fiery Embers,烬火炽燃所
Ashflow Street,流灰之街
Vision Serpent's Sanctum,幻蛇之宫
Vucub Caquix Tower,火鹦之塔
Old Core of Chu'ulel,旧日的统律之心
Core of Chu'ulel,统律之心
Cradle of Fleeting Dreams,空梦的起始
Nursery of Nightmares,噩梦的温床
Isle of Tozoz,托佐兹之岛
Legendary Tonatiuh,传说中的天蛇船
Tecoloapan Bay,浮羽之湾
Atocpan,安饶之野
Resonating Arena,逐响擂台
Fallingstart Fields,石火坠陨处
Skyfire Circlet,天火之冠
Remnants of Tetenanco,孑遗的留迹
Ancient Mountain Path,觐山古道
Ancient Sacred Mountain,远古圣山
Summoning Hall,候召的厅堂
Sea of Shifting Sentience,分流识海
Flame-Melding Ritual Grounds,聚火祭验所
Ruined Armament Workshop,支离武备所
Heart of Force Inversion,方向逆心
Pseudostar Pedestal,拟星的台座
Esoteric Arrays,衍木阵列
Chamber of Deliberation,审议之庭
Snezhnaya,至冬
Zapolyarny Palace,至冬宫
Khaenri'ah,坎瑞亚
Khaenri'ahn,坎瑞亚人 / 坎瑞亚的
Statue of The Seven,七天神像
worship,供奉
resonate,共鸣
Statue's Blessing,神像的恩泽
Teleport Waypoint,传送锚点
Crafting Bench,合成台
Shrine of Depth,地灵龛
Common Chest,普通的宝箱
Exquisite Chest,精致的宝箱
Precious Chest,珍贵的宝箱
Luxurious Chest,华丽的宝箱
Ley Line Blossom,地脉之花
Ley Line Outcrop: Blossom of Revelation,地脉衍出·启示之花
Ley Line Outcrop: Blossom of Wealth,地脉衍出·藏金之花
Trounce Blossom,征讨之花
Bloatty Floatty,蓬蓬果
Elemental Monument,元素方碑
Anemogranum / Anemograna,风种子
Geogranum / Geograna,岩种子
Electrogranum / Electrograna,雷种子
Dendrogranum / Dendrograna,草种子
Auspicious Branches,祥草杨枝
Hydrogranum / Hydrograna,水种子
Hydro Core,水之核
Thunder Sphere,雷极
Defiled Statue,污秽逆位神像
Frostbearing Tree,忍冬之树
Scarlet Quartz,深赤之石
Heat Source,热源
Ruin Blazier,遗迹之烛
Guizhong Ballista,归终机
Bedrock Keys,磐键
Lumenlamps,明石灯
Fantastic Compass,太威仪盘
Carefree Simulacrum,仙像
Rattan Figure,藤人
Sacred Sakura,神樱
Statue of the Omnipresent God,千手百眼神像
Discharge Stone,放电石
Relay Stone,继电石
Cumulation Stone,集电石
Lightning Strike Probe,雷霆探针
Sacred Stone Mound,御引磐座
Thunderbearer Mirror,雷承之鉴
Thunder Sakura Bough,雷樱之枝
Thunder Barrier,若雷结界
Thunderstone,若雷石
Thunderwood,雳木
Stormstones,雷石
Specific paths,特定的道路
Dragonbone Flower,龙骨花
Remarkable Chest,奇馈宝箱
Waverider,浪船
Waverider Waypoint,浪船锚点
Vasara Tree,莎兰树
Varuna Contraption,法留纳神机
Varunastra,法留纳法宝
Divine Tree,圣树
Tri-Lakshana Creature,三相众物
Bouncy Mushroom,弹弹菇
Tri-Yana Seed,三乘种子
Four-Leaf Sigil,四叶印
Clusterleaf of Cultivation,众叶觉蕊
Primeval Rosin,原始松脂
Phantasmal Gate,幻梦之门
Phantasmal Seeds,幻梦之种
Ashvattha's Concourse,觉树之堂
Ashvattha Tree,觉王之树
Claustroflora,幽闭花
Jamikayomars,阎迦由玛
Mawtiyima,无郁夷摩
Irminsul,世界树
Wall of Samiel,防沙壁
tumbleweed,风滚草
Suda's Flow,须陀流心
Ruin Golem,遗迹巨像
Energy Extraction Device,能量提取装置
Plinth of the Secret Rites,秘仪台座
clearance,权能
Primal Ember,元能火种
Primal Torch,元能火炬
Primal Beam,元能光束
Primal Sandglass,元能沙钟
Forged Primal Light,元能光锥
Replicator Keystone,拟构基石
Primal Obelisk,元能尖碑
Sacred Seal,圣章石
Verity Cell,本相元件
Obscuring Cell,隐视元件
Prism of Khaj-Nisut,圣显棱柱
Rune Mechanism,符文机关
Cascade Pool,蓄水阶池
Cascade Spout,蓄水喷口
Pipe Diverter Valve,管道转向阀
Dual-Phase Neverlight Cell,二相噬光元件
Dual-Phase Everlight Cell,二相恒光元件
Jinn Branch,镇灵之枝
Manifestation Mechanism,具现机关
Gray Crystal,灰余晶
Harvisptokhm,万种母树
Gaokerena,伽乌迦那
Nirodha Fruit,苦离果
Fravashi Tree,灵谷木
Burgeoning Spirit,蔓生灵心
Sunyata Flower,净觉花
Amrita Seal,甘露封印
Udumbara,忧昙花
Lightcall Path,浮光之路
Floating Orb,浮光球
Bright Flame Altar,光明火坛
Khvarena Barrier,灵光壁障
Ruin Cannon,遗迹重炮
Flower of Sanctity,圣洁之花
Spenta Heart,慈心
Percussive Prancing Mushroom,奇鼓跳跳菇
Khvarena Monument,灵光碑
BA Fragment,跋灵
Oratrice Mecanique d'Analyse Cardinale,谕示裁定枢机
Oratrice,谕示机
aquabus,巡轨船
Recovery Orb,复苏水团
Echoing Conch,回响海螺 / 回声海螺
Sonar Resonance Point,音波共鸣点
Fantastical Floating Ball,神奇的沉浮球
ringed device,圆环装置
Fontemer Seagrass,原海海草
Pneumousia Block,芒荒能量块
Pneuma Block,芒性能量块
Ousia Block,荒性能量块
Pneumousia Relay,芒荒中继桩
Pneumousia Storage Box,芒荒储物箱
Enhanced Pneumousia Amplifier,芒荒强效增幅器
Water Volume Detection Crystal,水量侦测晶体
Antoine Roger Aircraft,安东·罗杰飞行器
Pers,佩伊
Gardemek,警卫机关
Sir Arthur,亚瑟先生
Bubble Formation,水泡阵地
Beastly Rift,兽境的裂隙
Pufferfruit,胖胖果
Allogravity-Condensed Water Bodies,异重力凝水体
Contaminated Bacterial Mats,污染菌毯
A Machine With Xenochromatic Ball Octopus Abilities,异色球球章鱼能力发生器
Harmonious Reed Pipe,谐律簧管
Dew Bubbles,清露泡沫
Humongous Hat Jellyfish,巨型帽子水母
Floating Crystal Flowers,水晶浮游花
Floating Crystal Platforms,水晶浮游平台
Potential Energy Orbs,势能球
Autocannons,自动舰炮
Operable Mechanism: Regulating Valve,活动机关·调节阀
Operable Mechanism: Feather Valve,活动机关·弹性阀
Operable Mechanism: Track Assemblage,活动机关·轨道组合
Operable Mechanism: Eliphas Beam,活动机关·艾利法斯光束
Operable Mechanism: Lifting Column,活动机关·升降柱
A Huge Shell,巨大的贝壳
Sharky Surfboard,鲨鲨冲浪板
Turbo Twirly,冲天转转
Obsidian Totem Pole,曜石图腾柱
Spiritspeaker Stone,灵觉髄石
Spiritway,游隙灵道
Flamestrider,驰轮车
Itzpapa,伊兹帕帕
Secret Source Dragon Idol,秘源龙像
Secret Source Dragon... Cannon?,秘源龙像.…首?
Adventurers' Guild,冒险家协会
Knights of Favonius,西风骑士团
Church of Favonius,西风教会
Gunnhildr Clan,古恩希尔德家族
Ragnvindr Clan,莱艮芬德家族
Lawrence Clan,劳伦斯家族
Benny's Adventure Team,班尼冒险团
Hexenzirkel,魔女会
Liyue Qixing / Qixing of Liyue,璃月七星
Millelith,千岩军
Millelith Brigade,千岩团
Ministry of Civil Affairs,总务司
Huishan Hall,辉山厅
Shenglu Hall,盛露厅
Guhua Clan,古华派
Feiyun Commerce Guild,飞云商会
The Crux Fleet,南十字船队
Alcor,死兆星号
Yun-Han Opera Troupe,云翰社
Grand Narukami Shrine,鸣神大社
Tri-Commission,三奉行
Kanjou Commission,勘定奉行
Tenryou Commission,天领奉行
Yashiro Commission,社奉行
Shuumatsuban,终末番
Kamisato Clan,神里家
Shogunate,幕府
resistance,反抗军
Arataki Gang,荒泷派
Gourmet Supremos,全能美食队
Sumeru Akademiya,须弥教令院
The Akademiya,教令院
Forest Rangers / Rebel,巡林小队
Temple of Silence,缄默之殿
Alliance of the Twenty-Nine Ocean Deys,二十九海洋代伊联盟
Corps of Thirty,三十人团
Ayn Al-Ahmar,阿赫玛尔之眼
Gilded Journey,金砂之旅
Blazing Beasts,炽光猎兽
Deshret's Relics,神王之遗
Dakan Al-Ahmar,阿赫玛尔之须
Tanit tribe,塔尼特部族
Order of Skeptics,矫论团
Skeptic,「矫论团」成员
Nagarjunites,那伽朱那团
Tighnarians,提纳勒人
Valka Shuna,巴螺迦修那
Fontaine Research Institute,枫丹科学院
Fontaine Research Institute of Kinetic Energy Engineering,枫丹动能工程科学研究院
The Steambird,蒸汽鸟报
The Steambird publishing house,蒸汽鸟报社
Spina di Rosula,刺玫会
Daydream Club,空想俱乐部
Maison Gardiennage,执律庭
Maison Ordalie,检律庭
Maison Gestion,复律庭
Special Security and Surveillance Patrol,特巡队
Gardes,警备队
Marechaussee Phantom,逐影庭
Hotel Bouffes d'ete,布法蒂公馆
Confrerie of Cabriere,卡布里埃商会
The Narzissenkreuz Ordo,水仙十字结社
Narzissenkreuz Institute,水仙十字院
Liliacruces Forum,十字铃兰学会
House of the Hearth,壁炉之家
Saurian Relics Association,龙遗物研究协会
"""Blood of Egungun""",「沃贡贡之血」
Crimson Moon,赤月
Eclipse,黑日
Archon Quest,魔神任务
The Outlander Who Caught the Wind,捕风的异乡人
For a Tomorrow Without Tears,为了没有眼泪的明天
Song of the Dragon and Freedom,巨龙与自由之歌
Of the Land Amidst Monoliths,浮世浮生千岩间
"Farewell, Archaic Lord",辞行久远之躯
A New Star Approaches,迫近的客星
We Will Be Reunited,我们终将重逢
Involuntary Sacrifice,非自愿的祭献
A Herald Without Adherents,无信者的使徒
Dishonorable Trial,不荣誉的试炼
A Soul Set Apart,有隔阂的魂灵
"Autumn Winds, Scarlet Leaves",振袖秋风问红叶
The Immovable God and the Eternal Euthymia,不动鸣神，恒常乐土
"Stillness, the Sublimation of Shadow",无念无想，泡影断灭
Omnipresence Over Mortals,千手百眼，天下人间
The Crane Returns on the Wind,风起鹤归
Requiem of the Echoing Depths,回响渊底的安魂曲
Perilous Trail,危途疑踪
Through Mists of Smoke and Forests Dark,穿越烟帷与暗林
The Morn a Thousand Roses Brings,千朵玫瑰带来的黎明
"Dreams, Emptiness, Deception",迷梦与空幻与欺骗
King Deshret and the Three Magi,赤土之王与三朝圣者
"Akasha Pulses, the Kalpa Flame Rises",虚空鼓动，劫火高扬
Inversion of Genesis,倾落伽蓝
Caribert,卡利贝尔
Prelude of Blancheur and Noirceur,白露与黑潮的序诗
As Light Rain Falls Without Reason,仿若无因飘落的轻雨
To the Stars Shining in the Depths,向深水中的晨星
Cataclysm's Quickening,谕示胎动的终焉之刻
Masquerade of the Guilty,罪人舞步旋
Bedtime Story,睡前故事
Flowers Resplendent on the Sun-Scorched Sojourn,荣花与炎日之途
Black Stone Under a White Stone,黑石湮落白石下
Beyond the Smoke and Mirrors,镜与谜烟的彼方
The Rainbow Destined to Burn,命定将焚的虹光
All Fires Fuel the Flame,万火归一
Interlude,间章
World Quest,世界任务
Flighty Flora... and Flora,轻飘飘的花与芙萝拉
Mondstadt and Its Archon,风神与蒙德
"Windrise, Windfall",风起风息
Question and Answer,骑士团手册问答
Equivalent Exchange,等量交换
Lingering Malady,风暴后遗症
Leaves on the Wind,落叶归风
Thief-Catcher,捕盗
After the Storm,风后宝矿
Cleanup At Dawn,酒庄大扫除
In the Aftermath,善后工作
Break the Sword Cemetery Seal,探索剑冢封印
Time and Wind,时与风
Exploding Population,鱼群大爆发
In the Mountains,山中之物
The Festering Fang,腐殖之牙
The Great Mountain Survey,雪山大勘测
The Great Mountain Survey Ⅱ,雪山再勘测
"Ah, Fresh Meat!",啊，新鲜的肉！
A Land Entombed,覆雪之国
Lost in the Snow,雪山迷踪
Come Try Genius Invokation TCG!,来试试「七圣召唤」吧！
...What Do Adventurers Do Again?,冒险家该干嘛
Will of Stone,重岩之意
A Quiet Day in Liyue Harbor,璃月港平静的一天
Blackcliff Woes,黑岩之困
A Lone Ship In Guyun,孤舰履孤云
Pressing Deadlines,工作迫近
An Adeptal Summons,承仙所托
The Adventurers' Guild's Affairs,冒险家协会的诸多事宜
Necessary Procedures,必要手续
Words Worth Their Weight in Mora,书抵万金
Changchang's Little Friend,畅畅和她的小伙伴
The Secret of Nantianmen,南天门之谜
An Ode to Yonder City,此诗送此城
Endless Research,永无止境的研究
Overstretched,独木难支
"Treasure Lost, Treasure Found",宝藏归离
The Tree who Stands Alone,孤木孑立，无林可依
Old Tastes Die Hard,旧味难寻
Book in the Woods,林中小书
Share Not Your Treasures,怀宝应自珍
A Provisional Arrangement,暂行之策
Big Business,大生意
The Yaksha's Wish,夜叉之愿
Nine Pillars of Peace,靖世九柱
And This Treasure Goes To...,灵矩有宝予何人
Trails in Tianqiu,循仙踪兮天遒
Tianqiu Treasure Trail,天遒宝迹
A Little Game,游戏一场
Fishing For Jade,海上拾玉
Return of the Jade Chamber?,群玉阁…再现？
Snapshots,暂留此影
Perfect Shot,完美留影
Hereafter: The Trail of Pervases,身后事·铜雀之迹
Hereafter: All is Well,身后事·诸事平安
Hereafter: Return to the Mountains,身后事·归于山中
"On the Stage, Behind the Stage",台上台下
Garcia's Paean,加尔恰的赞歌
The Chasm Delvers,层岩巨渊深游记
The Chasm Charters,层岩巨渊寻访记
Surreptitious Seven-Star Seal Sundering,巧瞒七星解磐键
Chasm Spelunkers,方入巨渊初探勘
First Miasmic Contact,初识暗渊毒瘴现
Meeting New People... and Foiling Some Bandits,踏破矿贼结新缘
The Chasm's Bounty,巨渊的馈赠
Orobashi's Legacy,远吕羽氏遗事
Treatment on the Island,孤岛诊疗谭
Gazing Three Thousand Miles Away,执望三千里
Fate of a Fighter,武者的宿命
Chisato's Letter,千里之信
Katheryne in Inazuma,凯瑟琳，在稻妻
The Ritou Road,离岛之路
The Narukami Trail,鸣神寻踪
Fertilizer... Salesperson?,肥料…推销员？
The Art of Horticulture,栽种之法
Sakura Arborism,医樱
The Farmer's Treasure,农民的宝藏
"Gourmet Supremos, Assemble!",全能美食队！
The Gourmet Supremos: On the Road,全能美食队·寻食之旅
The Gourmet Supremos: The Importance of Eating Well,全能美食队·吃饱的重要性
Dreams of Sword Art,刀剑成梦
"O Archon, Have I Done Right?",神明啊，我做的对吗？
Battle of Revenge,洗刷耻辱的一战
Hiromi's Watch,广海的守望
"""The Seventh Samurai""",《第七个武士》
In Another Land,在他乡
International Travel Log,诸国游记
Home Lies Over the Ocean,海的那头是故乡
Yae Publishing House's Invitation,「八重堂」的邀约
Storytelling Method,故事构思法
Lofty Gourmet,孤高的美食家
The Very Special Fortune Slip,特别的御神签
Film Notes,映影书写札记
Divine Plant of the Depths,海渊仙草灵验记
Solitary Sea-Beast,孤独的海兽
Clean House,门户清理
The Moon-Bathed Deep,月浴之渊
From Dusk to Dawn in Byakuyakoku,白夜国晨昏记
The Entrance to Tokoyo,常世入口
The Subterranean Trials of Drake and Serpent,龙蛇洞宫试炼记
The Trail of Drake and Serpent,寻得龙蛇踪
Collection of Dragons and Snakes,龙蛇藏归辑录
Antigonus,安提戈努斯
Date's Challenge,伊达的挑战状
Tricolor File,三色档案
The Heart of Ouroboros,奥罗巴斯之心
Dreams in the Gaps,缝隙间的梦
Erebos' Secret,厄瑞玻斯的秘密
The Three Great Martial Trials,三隅道大演武
Kunado's Trial,岐之试炼
Hyperion's Dirge,许伯利翁哀歌
Temple Inquiry,庙前的叩问
Narrow Inquiry,狭间的叩问
Serpent's Heart Inquiry,蛇心的叩问
Seirai Stormchasers,清籁逐雷记
Neko Is a Cat,寝子是只猫
Relics of Seirai,清籁旧宝
Reminiscence of Seirai,清籁旧忆
Through the Mists,雾海纪行
A particularly Particular Author,要求特别多的作家
Octave of the Maushiro,倾听木簧笛的八音曲
The Sea of Fog and the Rite of the Trees,雾海与树之祭
The Saga of Mr. Forgetful,健忘大王历险记
Lotus Eater,食莲者
The Phaethons' Syrtos,法厄同们全跳舞
A Short Encounter with a Rare Bird,与珍稀之鸟的短暂邂逅
For a Dream I Tarry,趁梦想气息逗留
Event Beasts Stumble,兽有失蹄
Where Are the Fierce Creatures?,凶猛动物在哪里
Garcia's Paean: A Gift of Compatibility,加尔恰的赞歌·适配性赠礼
Treasure of Wisdom: A New Plan,智中之宝·新计划
Static Views,静态风景
The Foolish Fatuus,愚人者人愚之
"Next Time, On King of Invokations...",《召唤王·下集！是…》
Cost-Effective Hook,鱼钩的物尽其用
Gourmet Supremos: Within Our Duties,全能美食队·职责之内
The Gourmet Supremos: Cleanup,全能美食队·收束
The Price,代价
Nursery of Lost Dreams,失梦的苗圃
Agnihotra Sutra,正法矩书
Vimana Agama,吉祥具书
Courage is in the Heart,勇气戴于心上
Aranaga's Memory,兰纳迦的回忆
Memory's Final Chapter,回忆终章
Golden Slumber,黄金梦乡
Old Notes and New Friends,旧语新知
The Dirge of Bilqis,比勒琪丝的哀歌
"Rejoice With Me, for What Was Lost Is Now Found",失而复得者一同欢喜
Tadhla the Falcon,「猎鹰」塔德菈
"""The Falcon's Hunt""",「鹰猎」
The Fallen Falcon,翅膀折断的猎鹰
Apocalypse Lost,已逝去的末日
Her Foes Rage Like Great Waters...,仇敌仿佛众水翻腾…
Blooming Sands,沙上花
Join the Eremites and Embrace a Wonderful New Life!,加入镀金旅团，拥抱美好生活！
A Gifted Rose: Prickly as Thorns,献给某人的蔷薇·如荆棘一般多刺
A Gifted Rose: Long Day Ahead,献给某人的蔷薇·度过长日的方式
Khvarena of Good and Evil,善恶的赫瓦雷纳
Pale Fire,微暗之火
Monumental Study,碑铭的研究
An Artist Adrift,画家漂流记
Lightcall Resonance,浮光鸣召
Purbiruni's Commandment,普尔比鲁尼之诫
Recollections of a Fontainian,一个枫丹人的回忆
The Path of Papers,求学漫漫路
Ancient Colors,古老的颜色
A Brush of Seafoam and Crimson,海沫与流红的绘染
A Gradient of Dreams and Ochre,梦与赭黄色的渐变
There Will Come Soft Rains,细雨将至
Blue Longing of Heart and Moon,心与月蓝色的思念
"Limner, Dreamer, and Robotic Dog",画、梦境和机器狗
The Final Question,最后的问题
Ann of the Narzissenkreuz,水仙的安
The Narzissenkreuz Adventure,「水仙十字大冒险」
Kingdom Through the Looking-Glass,「镜中的王国」
Ann's Story,安的故事
"""If She No Longer Dreams of You...""",「假如她不再梦到你…」
Mary-Ann's Story,玛丽安的故事
Unfinished Story,尚未结束的故事
Aqueous Tidemarks,水色潮痕
"""Hey, This Isn't Pumpkin Soup...""",「这可不是南瓜汤…」
Echoes of the Ancient World,旧世遗音
Book of Esoteric Revelations,秘诲揭示之书
The Lone Phantom Sail,孤帆幽影
A Fontainian Message,一条枫丹信息
Danger Lurks Everywhere in Fontaine,危机四伏的枫丹廷
In Expert Company?,三人行…先寻明师
A Certain Notice,一份通知
A Certain Trifle,一件小事
A Certain Stamp,一枚印章
The Fountain Flows Again,泉有重喷日
Upon a Flowery Field of Grass,在开满鲜花的草地上
Another Horizon of Adventure,冒险就要朝着远方
Steambird Interview,「蒸汽鸟报」的面试
Semi-Automatic Forging,半自动锤锻
Strange Stone Chronicle,奇石历险记
Were It So Easy,好事多磨
Truly Mouthwatering!,真是让人垂涎欲滴！
Still Mouthwatering!,依旧让人垂涎欲滴！
The Wild Fairy of Erinnyes,伊黎耶的野精灵
In the Wake of Narcissus,水仙的追迹
Search in the Algae Sea,藻海的寻踪
Savior's Wake,救世者的守灵
Waking from the Great Dream,大梦的醒转
Rowboat's Wake,溪舟的尾波
Questioning Melusine and Answering Machine,问题美露莘与答案机器人
An Expected Plan,一份预期内的计划
An Expected Lie,一场预期内的谎言
Free Verse,无格律自由诗
Wish-Fulfilling Treasure Hunt,得偿所愿的寻宝之旅
Impromptu Poem of the Crimson Dawn,曙红即兴诗
Happy Birthday,生日快乐
Between Pledge and Forgettance,在应许与遗忘之间
In the Footsteps of the Chosen of Dragons,龙选者的旅迹
Shadows of the Mountains,群山的影子
Tale of Dreams Plucked From Fire,火中取梦的故事
The Call of Mystical Martial Arts,神秘武学的召唤
The Case of the Crafting Bench,合成台疑案
The Road Ahead,将行之路
To Wish Upon a Star,向星星许愿
"Stride on Rainbows, Split the Waves",踏虹破浪！
"To the Night, What is the Night's",将夜晚放还于夜晚
Ripe For Trouble,熟是生非
Toward Red-Hot Adventure!,朝着炽热的冒险！
From One Case to Another,从一案到另一案
Beat the Clock: 24 Hours,时限二十四小时
Dancin' in the Moonlight,月光中共舞
Lost Traveler in the Ashen Realm,流灰之国的迷旅人
Sauro-Vet's Dilemma,龙医生的困境
A Saurian Lover's Ordinary Days,爱龙人的平凡生活
A Saurian Returns to the Nest,龙的归巢
"Charge Forward! Go, Go, Go!",向前冲！冲！冲！
Molting Season,换羽时节
A Hero's Approval!,来自英雄的认证！
Path to the Flaming Peaks,朝向炎崖之路
Investigator of Ancient Ruins,觐山之路
Nahuatzin's Leap,纳华钦之跃
A Finale Emberforged,溯火而归的终局
"The Frozen, Rekindling Land",冷薪与重燃之地
An Omen of Annihilation and the Final Entreaty,毁灭预兆与最后的通牒
"Sing, Ho, For the Greatness of Fat!",哦！伟大的脂肪！
"Is ""Intensity"" Really the Key?",「烈度」，有用吗
The Lone Isle Named Night,名为夜的孤岛
"Someday, We All Must Walk Alone",终有独行之日
Pallad's Dilemma,帕拉德的困境
Explorer Jack's Dilemma,探险家杰克的困境
Lynn's Troubles,琳的苦恼
Lianne's Troubles,莉安的苦恼
Dr. Livingstone's Transport Request,利文斯通博士的货运请求
The Way of Survival,生存的方式
Click!,咔嚓！
Story Quest,传说任务
Lepus Chapter,小兔之章
Pavo Ocellus Chapter,孔雀羽之章
Tempus Fugit Chapter,沙漏之章
Lupus Minor Chapter,小狼之章
Noctua Chapter,夜枭之章
Trifolium Chapter,四叶草之章
Leo Minor Chapter,幼狮之章
Carmen Dei Chapter,歌仙之章
Astrolabos Chapter,映天之章
Aphros Delos Chapter,浪沫之章
Princeps Cretaceus Chapter,白垩之章
Fabulae Textile Chapter,锦织之章
Monoceros Caeli Chapter,鲸天之章
Historia Antiqua Chapter,古闻之章
Sinae Unicornis Chapter,仙麟之章
Alatus Chapter,金翅鹏王之章
Papilio Charontis Chapter,引蝶之章
Umbrabilis Orchis Chapter,幽客之章
Lagenaria Chapter,悬壶之章
Carassius Auratus Chapter,琉金之章
Taurus Iracundus Chapter,天牛之章
Grus Nivis Chapter,雪鹤之章
Imperatrix Umbrosa Chapter,天下人之章
Dracaena Somnolenta Chapter,眠龙之章
Divina Vulpes Chapter,仙狐之章
Cypressus Custos Chapter,神守柏之章
Acer Palmatum Chapter,枫红之章
Tapirus Somniator Chapter,貘枕之章
Vulpes Zerda Chapter,郭狐之章
Lupus Aureus Chapter,金狼之章
Lotos Somno Chapter,睡莲之章
Mantichora Chapter,蝎尾鬃狮之章
Sapientia Oromasdis Chapter,智慧主之章
Felis Fuscus Chapter,黑斑猫之章
Diluvies Chapter,潮涌之章
Cerberus Chapter,守狱犬之章
Animula Choragi Chapter,司颂之章
Rosa Multiflora Chapter,野蔷薇之章
Grus Serena Chapter,闲鹤之章
Cisoria Chapter,丝切铗之章
Ignis Purgatorius Chapter,净炼火之章
Rappiera Chapter,迅捷剑之章
Nereides Chapter,海精之章
Ponum de Ambra Chapter,香氛瓶之章
Tribal Chronicles,部族纪闻
Where the Springs Return,流泉所归之处
Yupanqui's Turnfire,尤潘基的回火
"A Prayer for Blessings, Told to Crested Peaks",祈祝福愿，倾告嵴锋
Of Fading Flowers and Falling Feathers,花之归尘，羽之将坠
Memories Flowing With Color,流淌着色彩的回忆
Mushroom Realm Mystery,蘑境菌奇
Daily Commission,每日委托
Commission Quest,委托任务
Increasing Danger,攀高危险
A Small Step for Hilichurls,丘丘人的一小步
Pudgy Pyrotechnicians,圆滚滚的易爆品
Icy Issues,冷冰冰的大麻烦
Big Pudgy Problem!,圆滚滚的大团骚乱！
Rules of Safe Transportation / Safe Conduct,安全运输法则
Dangerous Haul,危险运输现象
Impregnable Defense,固若金汤
Ley Line Monolith,地脉镇石
Straight to the Heart,长驱直入
Practice Makes Perfect,熟能生巧
Capsizing Waves,波倾浪覆
Emergency,临危受命
Spreading Evil,邪恶的扩张
Wandering Evil,邪恶的游荡
No Honor Among Thieves,盗亦无道
Full Speed Ahead,极速前进
"""For The Harbingers!""",「为了执行官大人！」
Why Hit Rocks?,何以击石
A Crackling Crisis,轰隆隆的大危机
No Place for Banditry,穷寇猛追
Swift Slayer,走马斩群魔
Felonious Floaters,非法飘荡
Recuperating From a Severe Illness,大病初愈
Urgent Repairs,紧急修理
Blocked?,此路不通？
"Stop, Albert. Stop!",艾伯特先生，别再冲了——！
Long Distance Love,触不可及的恋人
Lost Key,钥匙是易丢品
Floral Fresh,趁鲜花气息逗留
"A Commission From ""That Guy""",「那位先生」的委托
Only Half-Frozen,中度冰寒
Business in a Marsh,花洲有客栈
"Pirate Invasion, in Liyue Harbor!",璃月港，有海盗！
Where Is the Unseen Razor?,试问，藏锋何处？
Guest from Afar,客从远方来
Diamond in the Rough,点石成…什么
A Little Raid,「夺宝」小行动
Calling Down the Thunder,降雷之法
A Gentleman Strikes in Broad Daylight,君子白日闯
Bad Doggies,猛犬管理规范
The Thundering Wilds,雷野险踪
Voltage Charge,电压冲锋
Lightning Bottler,霹雳收藏家
Plug-and-Play Plan,插电战斗方案
Operation Thunderous Ignition,雷霆引爆计划
Perilous Watersport,戏水危险
The Gourmet Supremos: Where'd the Ingredients Go?,全能美食队·食材在哪呀？
The Gourmet Supremos: Foodie Quiz,全能美食队·美食小问答
The Gourmet Supremos: Cook-Off,全能美食队·烹饪对决
The Gourmet Supremos: Extreme Cookery,全能美食队·厨道的极意
"O Archon, Hear Me!",神明啊，回应我吧！
Playing With Fire... Works,烟花试玩计划
Bantan Sango Case File: The Search,万端珊瑚事件簿·搜索工作
Bantan Sango Case File: The Right Identity,万端珊瑚事件簿·合适的身份
Bantan Sango Case File: Misdirection,万端珊瑚事件簿·迷惑行动
Bantan Sango Case File: Case-Closing Time,万端珊瑚事件簿·结案时刻
The Cat's Trail,猫之迹
Shrine Cleanup,神社大扫除
To Make a Cat Carving,雕猫之法
To Make Cat Ornaments,饰猫之法
A Fishy Flavor,鱼之味
Inazuma Sales Specialist,稻妻销售员
Post-Sale Service,售后服务
The Taste of Home,家乡之味
Prayer in Progress...,众人祈祷中…
Crash Course on Inazuma Fashion,稻妻时尚入门
Is This Novel Amazing?,这本小说…厉害吗？
This Novel... Seems Familiar?,这本小说…好像看过？
Archery Demonstration,箭术示范
Ceaseless Training,永不停歇的修炼
Uninvited Guests,不速之客
Adventurer Exam: Battle Tactics,冒险家测验·作战方式
Adventurer Exam: The Art of Adventure,冒险家测验·冒险诀窍
Adventurer Exam: Taking Flight,冒险家测验·起飞方式
Anna the Adventurer!,冒险家，安娜！
Ahoy! A Pirate's Growth for Ye!,哎呀！海盗想长大！
Troubles Traveling Through Tributaries,随水而来的烦恼
The Little Pirate Goes Out to Sea,小海盗，要出海！
The Littlest Journey: Medicine On-Hand,小小的远行·常备药
The Littlest Journey: Non-Emergency Food,小小的远行·非应急食物
The Littlest Journey: Means of Self-Defense?,小小的远行·防身的方法？
"Owe Mora, Pay Mora",应付尽付
Return to Days of Winter,向冬日回归
Touring Light Show,游光示现
Hammer of the Mushrooms,无槌敲菇法
The Measure of a Mushroom,菇测高度
Operation Halberd Breaker,抹金折戟
Fungi Buster,绝不菇息！
Vine Collector,蔓草收藏家
Operation Graze,掠草行动
"Hey, Come Out!",喂，出来！
The Hook's Unexpected Adventure,鱼钩的奇异时光？
King of Invokations,《召唤王》
The Great Tree: Rooted State,大树·扎根态
Doctor's Orders,谨遵医嘱
Garcia's Paean: Substitutes,加尔恰的赞歌·替代物
Garcia's Paean: Key Items,加尔恰的赞歌·关键物品
Concresoil,凝成泥土
Price Comparison,货比两价
The Flowers That Won't Grow,生不出的花
Problem Conversion: The Underpinning Factor,问题的转化·关键在何？
Clean and Healthy,洁净与健康
Gold Devouring and Mora Gathering,吞金和蓄财
Attaché in Another Land,御用在他乡
Meow... Meow meow? Meow! Meow.,喵…喵喵？喵！喵。
Good Medicine Is Hard to Come By,良药难求
When Flowers Bloom,花开之时
Desert Bloom,沙中花
Eat and Learn,食与学
Warehousing Business,仓储事务
Tales From the Court,枫丹廷，二三事
At Least the Fish Know,至少鱼知道
Get a Drink at Least!,总得喝一杯
Aesthetic Critique: Principles of Aesthetics,审美力批判·美学原理批判
Aesthetic Critique: Practice of Aesthetics,审美力批判·实践创作批判
Aesthetic Critique: Self Critique,审美力批判·自我批判
Their Childhood,他们的童年
Their Childhood: Time Waits for No One,他们的童年·时光不等人
Their Childhood: City Caper,他们的童年·游城记
Their Childhood: Good Times,他们的童年·好时光
Their Childhood: A Certain Passage,他们的童年·某一篇章
"Alright, Iaune, Alright",好吧，艾尤恩
Down Time,放松时间
What is the Meaning of Work?,工作的意义是…？
Other Duties,另有他职
Days Beneath the Waves,水底的日子
Regulatory Issues,规章问题
Interactive Tour,「交互式游览」
Fishnado,翻鱼搅浪
Overland Bubbles,陆上飞沫
Don't Get Crabby,有蟹有还
Dagger in the Water,游刃由鱼
Aim Upstream,力争上游
Traces of Back Pain,腰痛的痕迹
Hey! Calm Down!,嗨！冷静点！
Internal Combustion Change,内燃奔进
Cloud-Soaring Saurians,龙共云飞
Swelling Springs,飞泉游隙
Just a Lil' Flaunting,略显身手
Saurian Versus Mountain,龙与山
Hmm? Natlan?,咦？纳塔？
Sharpshooter on Hand,妙影在手
Prophets of Pop,流行音乐，谁先知？
Daydream Club: Thermal Hypnosis,空想俱乐部·热能催眠
"Grow Up Quickly, Littl'Un",小小人儿，快长大
"Grow Up Quickly, Littl'Un...? (Epilogue)",小小人儿，快长大…？
An Official Mission,一场公差
Tending to a Tepetlisaurus,洗理嵴锋
Tending to a Tepetlisaurus: In Need of a Trim,洗理嵴锋·修锋
Tending to a Tepetlisaurus: In Search of a Recipe,洗理嵴锋·新奇食物
Steaming Hot Swim,热乎乎的鳍游
How to Make Friends,交友之法
"Hey, Your Letter!",嘿！你的信！
Expedition,探索派遣
Reputation Quest,声望任务
Bounties,讨伐悬赏
Requests,居民请求
Hangout Event,邀约任务
Serenitea Pot,尘歌壶
Seed Dispensary,化种匣
Vial of Adeptal Speed,仙速瓶
Tubby,阿圆
Rain Calmer,销虹霁雨真君
Chubby,阿嘟
Jade Seeker,寻瑰纳琦真君
Traveling Depot,周游百宝
Teapot Traveling Salesman,周游壶灵
Realm Currency,洞天宝钱
furnishing,摆设
Radiant Spincrystal,旋曜玉帛
Replication,摹本
Blue Dye,蓝色染料
Yellow Dye,黄色染料
Red Dye,红色染料
Fabric,布匹
Fragrant Cedar Wood,垂香木
Bamboo Segment,竹节
Sandbearer Wood,却砂木
Pine Wood,松木
Cuihua Wood,萃华木
Birch Wood,桦木
Yumemiru Wood,梦见木
Maple Wood,枫木
Aralia Wood,孔雀木
Otogi Wood,御伽木
Brightwood,辉木
Karmaphala Wood,业果木
Adhigama Wood,证悟木
Mountain Date Wood,刺葵木
Mallow Wood,悬铃木
Linden Wood,椴木
Cypress Wood,香柏木
Torch Wood,炬木
Ash Wood,白梣木
Flammabomb Wood,燃爆木
Peach Palm Wood,桃椰子木
White Chestnut Oak Wood,白栗栎木
Ashen Aratiku Wood,灰灰楼林木
Euphonium Unbound: Winding,千籁至音·缪绕
Local Specialty,地域特产
Calla Lily,嘟嘟莲
Cecilia,塞西莉亚花
Dandelion Seed,蒲公英籽
Philanemo Mushroom,慕风蘑菇
Small Lamp Grass,小灯草
Valberry,落落莓
Windwheel Aster,风车菊
Wolfhook,钩钩果
Glaze Lily,琉璃百合
Qingxin,清心
Violetgrass,琉璃袋
Jueyun Chili,绝云椒椒
Noctilucous Jade,夜泊石
Starconch,星螺
Sea Ganoderma,海灵芝
Sakura Bloom,绯樱绣球
Naku Weed,鸣草
Lycoris,赤蕊
Onikabuto,鬼兜虫
Crystal Marrow,晶化骨髓
Amakumo Fruit,天云草实
Sango Pearl,珊瑚真珠
Kalpalata Lotus,劫波莲
Nilotpala Lotus,月莲
Rukkhashava Mushrooms,树王圣体菇
Padisarah,帕蒂沙兰
Scarab,圣金虫
Redcrest,赤念果
Sand Grease Pupa,沙脂蛹
Mourning Flower,悼灵花
Trishiraite,万相石
Rainbow Rose,虹彩蔷薇
Lumidouce Bell,柔灯铃
Romaritime Flower,海露花
Beryl Conch,苍晶螺
Subdetection Unit,子探测单元
Lumitoile,幽光星星
Lakelight Lily,湖光铃兰
Spring of the First Dewdrop,初露之源
Sprayfeather Gill,浪沫羽鳃
Quenepa Berry,青蜜莓
Saurian Claw Succulent,肉龙掌
Brilliant Chrysanthemum,灼灼彩菊
Withering Purpurbloom,枯叶紫英
Glowing Hornshroom,微光角菌
Dracolite,琉鳞石
Skysplit Gembloom,云岩裂叶
Genshin Impact,原神（标题）
allogene,原神
Vision,神之眼
Gnosis,神之心
Delusion,邪眼
God,魔神
Archon War,魔神战争
Emergency Food,应急食品
Ley Line,地脉
The Seven,七神 / 尘世七执政
erode,磨损
gaze of the god,神明的视线
freedom,自由
contract,契约
eternity,永恒
wisdom,智慧
justice,正义
Holy Lyre der Himmel,天空之琴
Ludi Harpastum,羽球节
harpastum / harpasta,羽球
Dandelion Wine,蒲公英酒
Adeptus / Adepti,仙人
the mighty and illuminated adepti,三眼五显仙人
Rite of Descension,请仙
Rite of Parting,送仙典仪
Exuvia,仙祖法蜕
karma,业障
Wrath of the Rock,食岩之罚
Cocogoat,椰羊
Li style,璃菜
Yue style,月菜
ascension ceremony,升空仪式
The Divine Damsel of Devastation,神女劈观
Plaustrite,浮生石
Sunset Vermillionite,鸣霞浮生石
Wonder Core,千奇核心
Adepti Sigil,仙家符箓
The Crux Clash,南十字武斗会
Adeptus name,仙名 / 仙号
Adeptal energy,仙力
Vision Hunt Decree,眼狩令
Sakoku Decree,锁国令
Musou no Hitotachi,无想的一刀
Raiden Gokaden,雷电五传
Amenoma Art,天目流
Electro Mitsudomoe,雷之三重巴
perch,栖木
Maushiro,木簧笛
Sunchildren,太阳之子
Phaethon,法厄同
Youkai powers,妖力
Darshan,学派 / 学院
six Darshans,六大学派
Amurta,生论派 / 阿弥利多学院
Rtawahist,明论派 / 梨多梵谛学院
Spantamad,素论派 / 悉般多摩学院
Driyosh,游学者
Haravatat,知论派 / 室罗婆耽学院
Vahumana,因论派 / 伐护末那学院
Kshahrewar,妙论派 / 刹诃伐罗学院
Akasha,虚空
Akasha Terminal,虚空终端
Neo Akasha Terminal,新型虚空终端
Mahamata,教令官
Spirit Borneol,灵酚香
Satyavada Life,林居狂语期
Paripurna Life,寂静圆满期
Sabzeruz Festival,花神诞日 / 花神诞祭
samsara cycle,轮回
Jnagarbha Day,识藏日
Knowledge Capsule / Canned Knowledge,罐装知识
Divine Knowledge Capsule,神明罐装知识
Grand Conservator,大掌书
Dastur,陀裟多
Hermanubis,赫曼努比斯
Dev,迪弗
Festival Utsava,无忧节
Big Iron Chunks,大铁块
Marana,无留陀
Valuka,巴螺迦
Ararakalari,兰迦拉梨
rainforest,雨林
Village Keeper,守村人
Great Vayuvyastra,大风机关
Gurabad,居尔城
the Hive,蜂巢
collective consciousness,集群意识
The Wall of Hope,希望之壁
Sign of Apaosha,焚真之天象
Amrita,甘露 / 甘露活水
Azosite,阿索斯物质
Rite of Chinvat,离渡之仪
Rite of Ab-Zohr,祭水之仪
Indemnitium,律偿混能
serial disappearances of young women,少女连环失踪案
Water from the Primordial Sea / Primordial Water,原始胎海之水
Sinthe,乐斯
Tales of Humanity,人间百态
Book of Revealing,揭示之书
Looking Glass,谜镜
world-formula,世界式
the Sponsian,斯彭西安号
Remuria,雷穆利亚
"""Pilgrimage""",归火圣夜巡礼
"""Night Warden Wars""",巡夜者战争
Night Wars,狩夜者战争
Ode of Resurrection,还魂诗
Harbinger,执行官
Fire-Water,火水
Loom of Fate,命运的织机
Inteyvat,因提瓦特
curse of immortality,不死诅咒
Dark Calamity,黑灾
the Calamity of Darkness,漆黑的灾难
Descenders,降临者
Magic Tonic,魔水
Constellation,命之座
c1,1命
c2,2命
c3,3命
c4,4命
c5,5命
c6,满命
Talents,天赋
ascend,突破
friendship,好感度
Adventure Rank,冒险等阶
World Level,世界等级
element,元素
Pyro,火（元素）
Hydro,水（元素）
Dendro,草（元素）
Electro,雷（元素）
Anemo,风（元素）
Cryo,冰（元素）
Geo,岩（元素）
physical,物理
immune,免疫
Elemental Reactions,元素反应
Overloaded,超载
Burning,燃烧
Crystalize,结晶
Electro-Charged,感电
Frozen,冻结
Melt,融化
Superconduct,超导
Swirl,扩散
Vaporize,蒸发
Bloom,绽放
Dendro Core,草原核
Burgeon,烈绽放
Hyperbloom,超绽放
Sprawling Shot,蔓生弹
Catalyze,激化
Quicken,原激化
Aggravate,超激化
Spread,蔓激化
Elemental Skill,元素战技
Elemental Burst,元素爆发
Elemental Shield,元素护盾
Elemental Resonance,元素共鸣
Enduring Rock,坚定之岩
Fervent Flames,热诚之火
Soothing Water,愈疗之水
Impetuous Winds,迅捷之风
High Voltage,强能之雷
Shattering Ice,粉碎之冰
Sprawling Greenery,蔓生之草
Protective Canopy,交织之护
Elemental Mastery,元素精通
Elemental Sight,元素视野
Elemental RES,元素抗性
Activated,活化状态
Scorched,枯焦状态
ATK,攻击力
DEF,防御力
CRIT Rate,暴击率
Energy Recharge,元素充能效率
Cooldown / CD,冷却时间
DMG,伤害
charged attack,重击
plunging attack,下落攻击
refinement rank,精炼等阶
corrosion,侵蚀
Wish,祈愿
Wanderlust Invocation,奔行世间
Epitome Invocation,神铸赋形
Fate Point,命定值
lose 50/50,（小保底）歪了
pull,抽
rerun,复刻
Co-Op mode,多人游戏
Request to Join (Co-Op mode),申请加入
achievement,成就
Battle Pass,纪行
Sojourner's Battle Pass,大地纪行
Gnostic Hymn,天空纪行
Blessing of the Welkin Moon,空月祝福
Exploration Progress,探索度
Reward,报酬
Craft,合成
weekly boss,周本
artifact grind,赌圣遗物
apologem,补偿原石
Genius Invokation TCG,七圣召唤
Character Card,角色牌
Equipment Card,装备牌
Support Card,支援牌
Event Card,事件牌
Lucky Coin,幸运牌币
dynamic skin,影幻牌面
Heated Battle Mode,热斗模式
Casket of Tomes,秘典之盒
Balethunder,雷祸
Whitenight,白夜
Evernight,常夜
The Withering / Withering Zone,死域
Withering Branch,死域枝节
Tumor of the Withering,死域瘤
Seed Mirror,种子镜
Decay,凋零
Decay Projectile,凋零弹
Candle of Life,生之烛
Flames of Life,生之火光
Pneuma,芒性 / 芒性态
Ousia,荒性 / 荒性态
Balanced,均衡态
mutual annihilation,湮灭
overload,过载
Arkhe,始基力
Transoceanic Sourcewater,异海源水
Aquatic Stamina,水中耐力
Current,洋流
High-Pressure Water Vent,高压水流溢口
Bond of Life,生命之契
Phlogiston,燃素
Saurian Infwelling,龙之魂附
Nightsoul,夜魂
Nightsoul Burst,夜魂迸发
Nightsoul's Blessing,夜魂加持
Nightsoul Point,夜魂值
Nightsoul Transmission,夜魂传递
TurnFire,回火
Ancient Name,古名
Abyssal Corrosion Syndrome,渊蚀综合征
Draught of Lucidity,清幻剂
Epic Feast Showdown,豪宴热斗
Teachings of Freedom,「自由」的教导
Guide to Freedom,「自由」的指引
Philosophies of Freedom,「自由」的哲学
Teachings of Resistance,「抗争」的教导
Guide to Resistance,「抗争」的指引
Philosophies of Resistance,「抗争」的哲学
Teachings of Ballad,「诗文」的教导
Guide to Ballad,「诗文」的指引
Philosophies of Ballad,「诗文」的哲学
Teachings of Prosperity,「繁荣」的教导
Guide to Prosperity,「繁荣」的指引
Philosophies of Prosperity,「繁荣」的哲学
Teachings of Diligence,「勤劳」的教导
Guide to Diligence,「勤劳」的指引
Philosophies of Diligence,「勤劳」的哲学
Teachings of Gold,「黄金」的教导
Guide to Gold,「黄金」的指引
Philosophies of Gold,「黄金」的哲学
Teachings of Transience,「浮世」的教导
Guide to Transience,「浮世」的指引
Philosophies of Transience,「浮世」的哲学
Teachings of Elegance,「风雅」的教导
Guide to Elegance,「风雅」的指引
Philosophies of Elegance,「风雅」的哲学
Teachings of Light,「天光」的教导
Guide to Light,「天光」的指引
Philosophies of Light,「天光」的哲学
Teachings of Ingenuity,「巧思」的教导
Guide to Ingenuity,「巧思」的指引
Philosophies of Ingenuity,「巧思」的哲学
Teachings of Praxis,「笃行」的教导
Guide to Praxis,「笃行」的指引
Philosophies of Praxis,「笃行」的哲学
Teachings of Equity,「公平」的教导
Guide to Equity,「公平」的指引
Philosophies of Equity,「公平」的哲学
Teachings of Order,「秩序」的教导
Guide to Order,「秩序」的指引
Philosophies of Order,「秩序」的哲学
Teachings of Justice,「正义」的教导
Guide to Justice,「正义」的指引
Philosophies of Justice,「正义」的哲学
Teachings of Contention,「角逐」的教导
Guide to Contention,「角逐」的指引
Philosophies of Contention,「角逐」的哲学
Teachings of Kindling,「焚燔」的教导
Guide to Kindling,「焚燔」的指引
Philosophies of Kindling,「焚燔」的哲学
Teachings of Conflict,「纷争」的教导
Guide to Conflict,「纷争」的指引
Philosophies of Conflict,「纷争」的哲学
Crown of Insight,智识之冕
Tripes du Port,港湾牛肚
Tomates Narbonnaises,纳博内番茄盅
Crepes Suzette,桔桔薄饼
Scattered Piece of Decarabian's Dream,高塔孤王的碎梦
Fragment of Decarabian's Epic,高塔孤王的断片
Tile of Decarabian's Tower,高塔孤王的破瓦
Boreal Wolf's Nostalgia,凛风奔狼的怀乡
Boreal Wolf's Broken Fang,凛风奔狼的断牙
Boreal Wolf's Cracked Tooth,凛风奔狼的裂齿
Dream of the Dandelion Gladiator,狮牙斗士的理想
Shackles of the Dandelion Gladiator,狮牙斗士的镣铐
Chains of the Dandelion Gladiator,狮牙斗士的铁链
Fetters of the Dandelion Gladiator,狮牙斗士的枷锁
Divine Body from Guyun,孤云寒林的神体
Relic from Guyun,孤云寒林的圣骸
Lustrous Stone from Guyun,孤云寒林的辉岩
Luminous Sands from Guyun,孤云寒林的光砂
Mist Veiled Primo Elixir,雾海云间的转还
Mist Veiled Gold Elixir,雾海云间的金丹
Mist Veiled Mercury Elixir,雾海云间的汞丹
Mist Veiled Lead Elixir,雾海云间的铅丹
Chunk of Aerosiderite,漆黑陨铁的一块
Bit of Aerosiderite,漆黑陨铁的一角
Piece of Aerosiderite,漆黑陨铁的一片
Grain of Aerosiderite,漆黑陨铁的一粒
Golden Branch of a Distant Sea,远海夷地的金枝
Jade Branch of a Distant Sea,远海夷地的玉枝
Jeweled Branch of a Distant Sea,远海夷地的琼枝
Coral Branch of a Distant Sea,远海夷地的瑚枝
Narukami's Valor,鸣神御灵的勇武
Narukami's Affection,鸣神御灵的亲爱
Narukami's Joy,鸣神御灵的欢喜
Narukami's Wisdom,鸣神御灵的明惠
Mask of the Kijin,今昔剧画之鬼人
Mask of the One-Horned,今昔剧画之一角
Mask of the Tiger's Bite,今昔剧画之虎啮
Mask of the Wicked Lieutenant,今昔剧画之恶尉
Olden Days of Scorching Might,烈日威权的旧日
Dream of Scorching Might,烈日威权的梦想
Remnant Glow of Scorching Might,烈日威权的余光
Echo of Scorching Might,烈日威权的残响
Oasis Garden's Truth,绿洲花园的真谛
Oasis Garden's Mourning,绿洲花园的哀思
Oasis Garden's Kindness,绿洲花园的恩惠
Oasis Garden's Reminiscence,绿洲花园的追忆
Golden Talisman of the Forest Dew,谧林涓露的金符
Silver Talisman of the Forest Dew,谧林涓露的银符
Iron Talisman of the Forest Dew,谧林涓露的铁符
Copper Talisman of the Forest Dew,谧林涓露的铜符
Echo of an Ancient Chord,悠古弦音的回响
Movement of an Ancient Chord,悠古弦音的乐章
Chapter of an Ancient Chord,悠古弦音的断章
Fragment of an Ancient Chord,悠古弦音的残章
Golden Goblet of the Pristine Sea,无垢之海的金杯
Silver Goblet of the Pristine Sea,无垢之海的银杯
Wine Goblet of the Pristine Sea,无垢之海的酒盏
Broken Goblet of the Pristine Sea,无垢之海的苦盏
Essence of Pure Sacred Dewdrop,纯圣露滴的真粹
Sublimation of Pure Sacred Dewdrop,纯圣露滴的凝华
Dross of Pure Sacred Dewdrop,纯圣露滴的滤渣
Blazing Sacrificial Heart's Terror,贡祭炽心的惶恐
Blazing Sacrificial Heart's Hesitance,贡祭炽心的踌躇
Blazing Sacrificial Heart's Resolve,贡祭炽心的决绝
Blazing Sacrificial Heart's Splendor,贡祭炽心的荣膺
Night-Wind's Mystic Consideration,神合秘烟的思绪
Night-Wind's Mystic Premonition,神合秘烟的预感
Night-Wind's Mystic Augury,神合秘烟的征兆
Night-Wind's Mystic Revelation,神合秘烟的启示
Delirious Decadence of the Sacred Lord,谵妄圣主的朽败
Delirious Desolation of the Sacred Lord,谵妄圣主的余哀
Delirious Demeanor of the Sacred Lord,谵妄圣主的容光
Delirious Divinity of the Sacred Lord,谵妄圣主的神面
Sword,单手剑
Claymore,双手剑
Polearm,长柄武器
Bow,弓
Catalyst,法器
Refinement Material,精炼材料
Dull Blade,无锋剑
Silver Sword,银剑
Cool Steel,冷刃
Harbinger of Dawn,黎明神剑
Traveler's Handy Sword,旅行剑
Fillet Blade,吃虎鱼刀
Skyrider Sword,飞天御剑
Favonius Sword,西风剑
The Flute,笛剑
Sacrificial Sword,祭礼剑
Royal Longsword,宗室长剑
Lion's Roar,匣里龙吟
Prototype Rancour,试作斩岩
Iron Sting,铁蜂刺
Blackcliff Longsword,黑岩长剑
The Black Sword,黑剑
Sword of Descension,降临之剑
Festering Desire,腐殖之剑
The Alley Flash,暗巷闪光
Amenoma Kageuchi,天目影打刀
Cinnabar Spindle,辰砂之纺锤
Kagotsurube Isshin,笼钓瓶一心
Sapwood Blade,原木刀
Xiphos' Moonlight,西福斯的月光
Toukabou Shigure,东花坊时雨
Finale of the Deep,海渊终曲
Wolf-Fang,狼牙
Fleuve Cendre Ferryman,灰河渡手
Martens' Omni-Fix,马腾斯万能护养剂
Sword of Narzissenkreuz,水仙十字之剑
Flute of Ezpitzal,息燧之笛
Sturdy Bone,弥坚骨
Calamity of Eshu,厄水之祸
Aquila Favonia,风鹰剑
Skyward Blade,天空之刃
Primordial Jade Cutter,磐岩结绿
Freedom-Sworn,苍古自由之誓
Mistsplitter Reforged,雾切之回光
Haran Geppaku Futsu,波乱月白经津
Key of Khaj-Nisut,圣显之钥
Light of Foliar Incision,裁叶萃光
Splendor of Tranquil Waters,静水流涌之辉
Absolution,赦罪
Uraku Misugiri,有乐御簾切
Peak Patrol Song,岩峰巡歌
Waster Greatsword,训练大剑
Old Merc's Pal,佣兵重剑
Ferrous Shadow,铁影阔剑
Bloodtainted Greatsword,沐浴龙血的剑
White Iron Greatsword,白铁大剑
Debate Club,以理服人
Skyrider Greatsword,飞天大御剑
Favonius Greatsword,西风大剑
The Bell,钟剑
Sacrificial Greatsword,祭礼大剑
Royal Greatsword,宗室大剑
Rainslasher,雨裁
Prototype Archaic,试作古华
Whiteblind,白影剑
Blackcliff Slasher,黑岩斩刀
Serpent Spine,螭骨剑
Snow-Tombed Starsilver,雪葬的星银
Lithic Blade,千岩古剑
Katsuragikiri Nagamasa,桂木斩长正
Luxurious Sea-Lord,衔珠海皇
Emperor's Balsam,海皇香脂
Akuoumaru,恶王丸
Forest Regalia,森林王器
Mailed Flower,饰铁之花
Unfading Silky Grace,不凋的绢华
Tidal Shadow,浪影阔剑
Talking Stick,聊聊棒
Portable Power Saw,便携动力锯
Ultimate Overlord's Mega Magic Sword,究极霸王超级魔剑
Earth Shaker,撼地者
Skyward Pride,天空之傲
Wolf's Gravestone,狼的末路
The Unforged,无工之剑
Song of Broken Pines,松籁响起之时
Redhorn Stonethresher,赤角石溃杵
Beacon of the Reed Sea,苇海信标
Verdict,裁断
Fang of the Mountain King,山王长牙
A Thousand Blazing Suns,焚曜千阳
Beginner's Protector,新手长枪
Iron Point,铁尖枪
White Tassel,白缨枪
Black Tassel,黑缨枪
Dragon's Bane,匣里灭辰
Prototype Starglitter,试作星镰
Crescent Pike,流月针
Blackcliff Pole,黑岩刺枪
Deathmatch,决斗之枪
Favonius Lance,西风长枪
Royal Spear,宗室猎枪
Dragonspine Spear,龙脊长枪
Lithic Spear,千岩长枪
Kitain Cross Spear,喜多院十文字
"""The Catch""",「渔获」
Wavebreaker's Fin,断浪长鳍
Moonpiercer,贯月矢
Missive Windspear,风信之锋
Rightful Reward,公义的酬报
Ballad of the Fjords,峡湾长歌
Prospector's Drill,勘探钻机
Dialogues of the Desert Sages,沙中伟贤的对答
Footprint of the Rainbow,虹的行迹
Mountain-Bracing Bolt,镇山之钉
Tamayuratei no Ohanashi,且住亭御咄
Primordial Jade Winged-Spear,和璞鸢
Skyward Spine,天空之脊
Staff of Homa,护摩之杖
Calamity Queller,息灾
Staff of the Scarlet Sands,赤沙之杖
Crimson Moon's Semblance,赤月之形
Lumidouce Elegy,柔灯挽歌
Hunter's Bow,猎弓
Seasoned Hunter's Bow,历练的猎弓
Raven Bow,鸦羽弓
Sharpshooter's Oath,神射手之誓
Recurve Bow,反曲弓
Slingshot,弹弓
Messenger,信使
Favonius Warbow,西风猎弓
The Stringless,绝弦
Sacrificial Bow,祭礼弓
Royal Bow,宗室长弓
Compound Bow,钢轮弓
Blackcliff Warbow,黑岩战弓
The Viridescent Hunt,苍翠猎弓
Alley Hunter,暗巷猎手
Mitternachts Waltz,幽夜华尔兹
Hamayumi,破魔之弓
Mouun's Moon,曚云之月
Fading Twilight,落霞
Glowing Gem,霞色宝珠
End of the Line,竭泽
King's Squire,王下近侍
Congealed Pupa Wax,凝恒的脂蜡
Song of Stillness,静谧之曲
Scion of the Blazing Sun,烈阳之嗣
Range Gauge,测距规
Cloudforged,筑云
Chain Breaker,碎链
Flower-Wreathed Feathers,缀花之翎
Skyward Harp,天空之翼
Amos' Bow,阿莫斯之弓
Thundering Pulse,飞雷之弦振
Polar Star,冬极白星
Aqua Simulacra,若水
Hunter's Path,猎人之径
The First Great Magic,最初的大魔术
Silvershower Heartstrings,白雨心弦
Astral Vulture's Crimson Plumage,星鹫赤羽
Apprentice's Notes,学徒笔记
Pocket Grimoire,口袋魔导书
Magic Guide,魔导绪论
Thrilling Tales of Dragon Slayers,讨龙英杰谭
Otherworldly Story,异世界行记
Emerald Orb,翡玉法珠
Favonius Codex,西风秘典
The Widsith,流浪乐章
Sacrificial Fragments,祭礼残章
Royal Grimoire,宗室秘法录
Solar Pearl,匣里日月
Mappa Mare,万国诸海图谱
Blackcliff Agate,黑岩绯玉
Eye of Perception,昭心
Frostbearer,忍冬之果
Wine and Song,暗巷的酒与诗
Dodoco Tales,嘟嘟可故事集
Hakushin Ring,白辰之环
Oathsworn Eye,证誓之明瞳
Ointment of Sight,明目之油膏
Fruit of Fulfillment,盈满之实
Wandering Evenstar,流浪的晚星
Flowing Purity,纯水流华
Sacrificial Jade,遗祀玉珑
Ballad of the Boundless Blue,无垠蔚蓝之歌
Ash-Graven Drinking Horn,苍纹角杯
Ring of Yaxche,木棉之环
Waveriding Whirl,乘浪的回旋
Skyward Atlas,天空之卷
Lost Prayer to the Sacred Winds,四风原典
Memory of Dust,尘世之锁
Everlasting Moonglow,不灭月华
Kagura's Verity,神乐之真意
A Thousand Floating Dreams,千夜浮梦
Tulaytullah's Remembrance,图莱杜拉的回忆
Tome of the Eternal Flow,万世流涌大典
Cashflow Supervision,金流监督
Crane's Echoing Call,鹤鸣余音
Surf's Up,冲浪时光
Sunny Morning Sleep-In,寝正月初晴
Vivid Notions,溢彩心念
Theater Mechanicus,机关棋谭
Overflowing Mastery,精通移涌
Ley Line Overflow,地脉移涌
Marvelous Merchandise,百货奇货
Liben,立本
Lost Riches,秘宝迷踪
Ulman,乌尔曼
Treasure-Seeking Seelie,寻宝仙灵
Mini Seelie: Dayflower,迷你仙灵·露草
Mini Seelie: Rosé,迷你仙灵·薄红
Mini Seelie: Curcuma,迷你仙灵·郁金
Mini Seelie: Viola,迷你仙灵·紫苑
Iron Coin,铁钱
Ancient Iron Coin,古铁钱
Happy Lantern Rite!,海灯节快乐！
Mingxiao Lantern,明霄灯
Windtrace,风行迷踪
Windtrace Coin,迷踪币
Hunter,猎手
Gygax,吉盖克斯
May Fortune Find You,富贵登门
Hosseini,胡塞尼
To the Winds of Freedom,致自由之风
Repertoire of Myriad Melodies,千音雅集
Quirky Quaking Arena,奇逸角技隆隆擂台
Unlimited Fighting Championship,无极限超激格斗赛
Tournament of Glory in Bloom,荣花竞捷之争
Bloomflower Traials,荣花演武
Saurian Treasure Seeker,龙龙寻宝
For Our Saurian Companion,为了龙伙伴
Medicine Born of Guilt,因愧疚而生的医术
Spell of Unity,团结之魔法
Milray,米莱
Naiyan,尼娅
Antu,安杜
Imara,伊马雷
Reel Ad-Venture,剪影辑帧
Invasive Fish Wrangler,异域鱼鱼追渔行动
Phony Bejeweled Unihornfish,疑似宝石独角鱼
Realm of Tempered Valor,征战勇者淬炼之界
Enchanted Tales of the Mikawa Festival,三川游艺绮梦谭
Travelers' Tales: Anthology Chapter,游逸旅闻·诗汇之章
Mikawa Flower Festival,三川花祭
Akitsu Harpastum: Dreams Doubled,秋津羽球二重梦
A Little Fox's Daydream,小狐狸的白日梦
Bunshin Phantasm,不思议分身幻梦
As Though Caught in a Dream,如入幻梦
As Though Beholding Illusions,如见泡影
As Though Surrounded by Thunder,如伴雷电
As Though Kissed by Dew,如逢露水
Leafy Dreams,一叶好梦
Doppelgangers,二重身
Kinkaku,金阁
Ginkaku,银阁
Tetsunosuke,铁之助
"""Nightmare Fragment""",「噩梦碎片」
Emblem of Steadfast Valor,衔勇诚砺之证
On the Trail of Behemoths,凶魁巨怪觇候录
Springtime Charms,春曦画桃符
Immortal Combat,八奇乱斗
Drills by Lamplight,灯下演武
Custom Gift Envelope,如意祝柬
Eight Adepts,八奇仙
Lone Butterfly of the Crimson Flame,朱赤引火幽蝶
Jade-Plumed Silverwing,银翎翦玉玄鸟
Gold-Eyed Celadon Mare,金目乘黄月驹
Sage Hu,瓠真人
Sage Jian,鉴真人
Yunlai Angler,云来钓叟
Wuwang Kid,无妄童子
Wind Reader,万象风角灵官
Claw Convoy,伴爪同行
Iktomi Spiritseeking Scrolls,暝视寻灵织卷
Search for Lost Spilits,迷途灵性的搜觅
Evil Banisher,斥逐与驱散恶客
Restoring Fragmented Records,破碎旧录之规复
Adventurer's Trials: Metamorphosis,冒险家试炼·蜕变篇
Exercise Surging Storm,强风猛进之述演
Kokuchuu,谷中
Aphid Treasure Trace,寻溯蜜虫之宝
Aphid Treasure,蜜虫之宝
Last Ride of the Bugbuster Squad,捉虫小队最后出击
Reminiscent Regimen: Thrill,追想练行·烈趣篇
Chromatic Ode of Candies and Roses,彩糖与蔷薇的幻色颂
Give Her Surprises,赠予她惊喜
Rocking Carriage,花车摇曳
Mapping Dreams and Reality,梦与现实的映射
Shadow of the Knight's Blade,骑士的剑影
Feast of Pursuit,攻逐飨会
Traces of Artistry,绮绘的踪绪
Painted Presents,彩绘赠礼
Search for Inspiration,探寻灵感
Dodoco's Boom-Bastic Escapades,嘟嘟可砰砰历险记
Dopey Dazzler's Notes on Graffit,「炫彩呆子」的涂鸦手记
Of Thorns and Crowns,荆棘与勋冠
Mementos of Teyvat,提瓦特忆画
A Honest Promotion,善良促销
Energy Amplifier: Lemma,导能原盘·引理
"Outside the Canvas, Inside the Lens: Dew-Kissed Chapter",画外旅照·浮露之章
Summertide Scales and Tales,欢夏！邪龙？童话国！
Boreal Flurry,北风闪尘吹流
Flying Hatter's Trick,飞帽匠戏法
Metropole Trials,星轨王城的试炼
Figurine Fabrication,巧像摹刻
Simulanka,希穆兰卡
Broken Sea,破碎之海
Shattered Toytanium Mines,碎裂的积木矿窟
Constellation Metropole,星轨王城
Forrest of Blessings,赐福森林
Kingdom of Breezes and Bells,铃风王国
Almond,杏仁
Citrus,柑橘
Stream,溪泉
Faurobert,福罗贝尔
Estampe,埃斯唐普
Horellou,奥雷卢
Cimest,西梅
Saborn,萨博兰
Souffache,苏法什
Wheel,威尔
Toy Guard,积木卫兵
Bizerte,毕塞尔特
Montagne,蒙塔纳
Detective,探长
Albizzi,奥比奇
Cappet,卡佩
Boborano,波波拉诺
Esnoir,埃斯诺尔
Rozel,罗泽尔
Fell Dragon's Picturebook,「邪龙」绘卷
An Everlasting Dream Intertwined,纺坠终久之梦
Mutual Security Enhancing Simulation,安固诸方之述演
Sprinting Stratagems,奇策竞驰
Record of Reflective Writing,绎思振笔集
Endless Forms Most Martial,纷变繁相豪武谭
Spino Doubleblaster,飞迸湍流二重奏
"Two Worlds Aflame, the Crimson Night Fades",两界为火，赤夜将熄
Windtrace: Seekers and Strategy,风行迷踪·谋策之局
Iridescent Arataki Rockin' for Life Tour de Force of Awesomeness,荒泷生命摇滚虹色大巡回
Specially-Shaped Saurian Search,殊形之龙参寻战记
"""I Got Reincarnated as an Onikabuto... And Flipped the World Upside Down""",《转生成为鬼兜虫然后撞翻世界》
Rock 'n' Roll Dango Milk,摇滚团子牛奶
Blades Weaving Betwixt Brocade,铓锋锦间裁
Alchemical Ascension,升炼研巧万策金
Feline Fortress Furrdyssey,茸茸城堡大喵险
Sir Pouncelot,大桔骑士
Rolling Crossfire,圆圆滚滚交叉火力
The Great Fayz Reaction Debate,弘辩的溢神效应
Vibrant Harriers Aloft in Spring Breeze,彩鹞栉春风
Receiver of Friends From Afar,有朋自远方来
Journey Through Hilinigmatic Terrain,奇境谜丘探幽行
Paper Shadows A-Foraging,纸影寻肴
Joyful Beasts and Their Auspices,瑞兽欢跃
Iridescent Cloud-Striding,熠光云行
Roses and Muskets,蔷薇与铳枪
Thousand-Pace Interdiction Arcminute Sharpshooting Zone,千步拦射角分间
"Trick Shots, Tricky Lights",幻光奇技实录
Xtreme Drive,极限驱策法
Into the Frame,巧像入帧
Baptiste,巴蒂斯特
Veronique,薇若妮卡
Morris,莫里斯
Graph Adversarial Technology Experiment Log,图形对抗实验录
Thelxie's Fantastic Adventures,特尔克西的奇幻历险
Lil' Fungi's Fun-Tastic Fiesta,小小灵蕈大幻戏
Misty Dungeon: Realm of Water,迷城战线·水境篇
Motherboard Troubleshooting,主板调试问题集
Record of the Search for Glory,参寻荣耀追游录
Purgation Counterstrike,肃清邪物反击战
Waterborne Poetry,游水酝诗籍
Hundred-Pace Hurling Rites,百步礼掷
Inspiration Eruption,灵感喷激
Mending Painting Prospects,寻景觅画
Radiant Harvest,集光撷彩
Dodoco's Bomb-Tastic Adventure,嘟嘟可轰轰奇遇记
The Peaks and Troughs of Life,人生的波峰与波谷
Mega Meka Melee,机枢巧物前哨战
Dance Dance Resolution,跃动节拍响应法
Torrential Turbulent Charge,湍流疾行冲锋赛
Efficacy Testing Simulation Arena,效能模拟实战环
Studies in Light and Shadow: A Fontaine of Enchantment,光影研学·旖旎水界
Relic Records: Creations of the Hydro Nation,博物通志·水国寻迹
Verdict of Blades,蹈刃破决
Bresson,布列松
Secret Summer Paradise,清夏！乐园？大秘境！
Veluriyam Mirage,琉形蜃境
Silver Bottle Courtyard,银瓶庭院
Overgrown Valley,蔓生溪谷
Pavilion of Hermits,隐众游园
Thinkers' Theater,寄想者剧场
Idyia,伊迪娅
Lessig Lawrence,莱斯格·劳伦斯
Ferdinand,费迪南德
Jeroney,杰洛尼
Haddo,哈多
Zosimos,佐西摩斯
Water Droplet,小水珠
Hydro Eidolon,水形幻灵
Choo-Choo Cart,呼呼飞车
Jubilant Wave,欢呼激流
Preprint,先成图
Streaming Projector,聚流映灯
Gleaming Lamp,光斓彩镜
Joyeux Voucher,欢兴礼券
Flowing Joyspar,流悦晶石
Felicitous Joyspar,酣悦晶石
Spino Blaster,飞迸湍流大作战
Crocomorph Vortex-Based Crocodilian-Armored Heavy Naval Battleship-Style Recreational Water Blasting Cannon,鳄型涡流聚引原理鳄式外甲海战用重型舰炮式娱乐水球发射炮
water cannon,水炮
Crococannon,鳄鳄炮炮
Ordinormie Ball,普普通通球
Brouhaha Ball,四处捣乱球
Sojourns of the Barking Fox,吼吼小狐巡天记
Dance of Flashing Thought,幽思闪念旋步舞
Perilous Expedition,险途勘探
Shared Sight,传心同视
Inscribed Mirror,铭随流镜
Adventurer's Trials: Advanced,冒险家试炼·进阶篇
The Forge Realm's Temper: Endless Swarm,铸境研炼·无量疾战
Duel! The Summoners' Summit!,决斗！召唤之巅！
King of Invokations Grand Prix,召唤王大奖赛
Gulab,古拉卜
A Tour of Wonders,诸景巡礼
Zero Hour Invokation,零时召唤
Evermotion Mechanical Painting: Invoker,恒动械画·七圣之篇
Heart of the Dice,妙骰战法
Feast of the Departed Warriors,离垢者肃心旅宴
Fayz Trials: Hypothesis,溢神的猜想
Divine Ingenuity: Collector's Chapter,神工天巧·宝录之章
A Parade of Providence,盛典与慧业
Akademiya Extravaganza,学院庆典
Sachin,萨齐因
Mimetic Replication,仿生摹行
Gathering of Stars,明星聚画
Antiquity Hunt,究古考察
Concocted Reaction,药剂应对法
Project Connectivity,通路计划
In Truth's Steps,追溯求真
Hat Guy,阿帽
The Recollector's Path,忆昔诸途巡历
Fulminating Sandstorm,风沙轰鸣
Wenutslayer Cannon,对沙虫用杀虫炮
Vinayak,维纳亚克
Brewing Developments,合剂演进
Windblume's Breath,风花的呼吸
Floral Pursuit,万风逐花
Floral Chess,逐花棋
Ballads of Breeze,风物之歌
Breezy Snapshots,风物留影
Marvelous Gel,妙妙琼脂
Vibro-Crystal Verification,振晶的复核实验
Anatole,阿纳托尔
Edwin Eastinghouse,艾德温·伊斯丁豪斯
Arkhium,始基矿
Spices From the West: Northerly Search,有香自西来·寻味北地
Iridescence Tour,虹色巡回
Lantern Rite Grand Concert / Lantern Rite music festival,海灯音乐节
Dvorak,德沃沙克
Radiant Sparks,光焰蹈跃
A Few Words in the Foreground,幕前二三言
Paper Theater,纸映成戏
Vigilance at Sea,烟海梭巡
Behind the Scenes,灯后勤绩
Iridescent Splendor,虹彩华章
Warrior's Spirit,演武传心
Almighty Arataki Extraordinary and Exhilarating Extreme Beetle Brawl,荒泷极意堂堂斗虫大试合
Grandmaster Hanakado,花角玉将
Bona-Fide Beetle Battle King,真剑斗虫大鬼王
Second Blooming,蔷薇再开时
Akitsu Kimodameshi,秋津森夜试胆会
Across the Wilderness,跨野寻踪
Wilderness Balloons,野踪气球
Misty Dungeon: Realm of Sand,迷城战线·沙域篇
Hitotsume,独眼小僧
Kozouppa,河童
Youko,狐妖
Nilotpala Cup Beast Tamers Tournament,「月莲杯」驯兽师大赛
Wisdom Orb,意智宝珠
Elchingen,埃尔欣根
Kautilya,考特里亚
Haniyyah,海妮耶
Souka,左右加
Balfour,贝尔福
Bongo-Head,咚咚小圆帽
Twirly-Whirly,转转悠悠兽
Blitzara,百雷遮罗
Pyro-1,火一
Kindlejoy,欢腾之火
Stormstress,信风舞姬
Coolit,老实一点菇
Retribushroom,审判火焰菇
Golden Comet,黄金流星
Silver Companion,白银伴星
Adventurer's Trials,冒险家试炼
Hypostatic Symphony: Dissonant Verse,无相交响诗·离调乐段
"Outside the Canvas, Inside the Lens: Greenery Chapter",画外旅照·青植之篇
Star-Seeker's Sojourn,寻星之旅
Wind Chaser,循察五风
Weinlesefest,佳酿节 / 归风佳酿节
Of Ballads and Brews,杯中遥吟之诗
Autumn Crisis,秋野防灾记
Highwind Trial,高风的演练
Charity and Creativity,义卖与妙想
Fecund Blessings,丰饶的祝愿
"Epsilon-Series Tetrasweet Sunsettia, Variation 63",伍式日落果改陆叁号四倍甜版
Thousand-Wind Wine,千风佳酿
Graven Innocence,雕琢童心
Fayz Trials,溢神的论证
Tablet Analytics,片剂深研
Hajanad,哈贾娜德
Remelting Tablets,重熔片剂
Summertime Odyssey,远海诗夏游纪
Reminiscent Regimen,追想练行
Resonating Visions,幻声留形
Phantasmal Conch,幻境海螺
Imaging Conch,影像海螺
Miitoboru,大肉丸
Kosekimaru,越石丸
Hidden Strife,残像暗战
Evermotion Mechanical Painting,恒动械画
Félix Yogue,菲利斯·尤格
A Muddy Bizarre Adventure,深泥奇谭
Core of the Apparatus,炉心机造
Bertrand,伯特兰
The Almighty Arataki Great and Glorious Drumalong Festival,荒泷极上盛世豪鼓大祭典
Arataki's Great and Glorious Drum,荒泷·盛世豪鼓
Hues of the Violet Garden,堇庭华彩
Magnificent Irodori Festival,光华容彩祭
The Moon and Stars Inscribe,月章星句
Theater Mechanicus: Stage of Brilliance,机关棋谭·巧策之局
Clash of Lone Blades,孤剑争逐
The Floral Courtyard,花影瑶庭
Spices From the West,有香自西来
Nazafarin,娜扎法琳
Fragrant ○○,香气四溢的〇〇
Vibro-Crystal Research,振晶的研究
Patrice,帕特里克
"Outside the Canvas, Inside the Lens",画外旅照
Bokuso Box,睦疏之匣
Tokoyo Legume,常世之荚
Aphotium Ore,深海髓矿
Husk Gem,壳之宝石
Light Realm Sigil,光界之印
Tower of the Void,虚界暗塔
Light Realm Chisel,光界锥凿
Coral Butterfly,珊瑚蝶
Of Drink A-Dreaming,曲生酌微梦
Divine Ingenuity,神工天巧
Fleeting Colors in Flight,飞彩镌流年
Shadow Lantern,藏影灯
Launch Tube,烟花筒
Eight Locales Over Mountains and Seas,山海八所巡礼
A Study in Potions,魔药研析
Shadows Amidst Snowstorms,皑尘与雪影
Fellflower,魔花
Bantan Sango Case Files: The Warrior Dog,万端珊瑚事件簿·犬武者
Omni-Ubiquity Net,四方八方之网
Kageroumaru,影狼丸
Misty Dungeon: Realm of Light,迷城战线·光界篇
Energy Amplifier Fruition,导能原盘·跋尾
Labyrinth Warriors,谜境悬兵
Mystic Onmyou Chamber,诀箓阴阳寮
Shiki Taishou,式大将
Shadow of the Ancients,古时孤影
Pursina's Spike,普尔希娜光钉
Tuned to the World's Sounds,镜花听世
Floral Zither,镜花之琴
Dreams of Bloom,梦里生花
Moonlight Merriment,韶光抚月
Moonchase Tales,逐月佳话
Moonlight Seeker,觅取月晖
Moonchase Charm,逐月符
Mystmoon Chest,玄月宝箱
Trail of Delicacies,珍肴霞踪
Moonchase Festival,逐月节
Hyakunin Ikki,百人一揆
Lunar Realm,月中王国
Spectral Secrets,飘浮秘灵
Thunder Sojourn,谒索雷痕
Phantom Flow,幻影心流
Theater Mechanicus: Stage of Wonders,机关棋谭·灵妙之局
Midsummer Island Adventure,盛夏！海岛？大冒险！
Golden Apple Archipelago,金苹果群岛
Pudding Isle,布丁岛
Minacious Isle,危危岛
Twinning Isle,双双岛
Broken Isle,破破岛
Dodo-King,嘟嘟大魔王
Wind-Blessed Harpastum,风佑之羽球
Legend of the Vagabond Sword,风来人剑斗绮谭
Echoing Tales,回声轻叙
Never-Ending Battle,无尽骤战
Kaboomball Kombat,砰砰魔球总动员
Dodofortress,魔球嘟嘟堡
Dodoguard,嘟嘟光盾
Energy Amplifier Initiation,导能原盘·绪论
Twisted Realm,扭曲幽域
Battlefront: Misty Dungeon,迷城战线
Mimi Tomo,折箭觅踪
Windblume Festival,风花节
Windsong Lyre,风物之诗琴
Xiao Lantern,霄灯
Flower of Creviced Cliff,磐陀裂生之花
Mask of Solitude Basalt,不动玄石之相
Berserker's Rose,战狂的蔷薇
Berserker's Indigo Feather,战狂的翎羽
Berserker's Bone Goblet,战狂的骨杯
Berserker's Battle Mask,战狂的鬼面
Berserker's Timepiece,战狂的时计
Snowswept Memory,历经风雪的思念
Icebreaker's Resolve,摧冰而行的执望
Frozen Homeland's Demise,冰雪故园的终期
Frost-Weaved Dignity,遍结寒霜的傲骨
Broken Rime's Echo,破冰踏雪的回音
Bloodstained Flower of Iron,染血的铁之心
Bloodstained Black Plume,染血的黑之羽
Bloodstained Final Hour,骑士染血之时
Bloodstained Chevalier's Goblet,染血的骑士之杯
Bloodstained Iron Mask,染血的铁假面
Prospect of the Brave,勇士的期许
Medal of the Brave,勇士的勋章
Crown of the Brave,勇士的冠冕
Outset of the Brave,勇士的壮行
Witch's Flower of Blaze,魔女的炎之花
Witch's Ever-Burning Plume,魔女常燃之羽
Witch's End Time,魔女破灭之时
Witch's Heart Flames,魔女的心之火
Witch's Scorching Hat,焦灼的魔女帽子
Sundered Feather,切落之羽
Storm Cage,雷云之笼
Scarlet Vessel,绯花之壶
Exile's Flower,流放者之花
Exile's Feather,流放者之羽
Exile's Goblet,流放者之杯
Exile's Circlet,流放者头冠
Exile's Pocket Watch,流放者怀表
Gladiator's Nostalgia,角斗士的留恋
Gladiator's Destiny,角斗士的归宿
Gladiator's Longing,角斗士的希冀
Gladiator's Intoxication,角斗士的酣醉
Gladiator's Triumphus,角斗士的凯旋
Gilded Corsage,饰金胸花
Gust of Nostalgia,追忆之风
Copper Compass,坚铜罗盘
Goblet of Thundering Deep,沉波之盏
Wine-Stained Tricorne,酒渍船帽
Instructor's Feather Accessory,教官的羽饰
Instructor's Pocket Watch,教官的怀表
Instructor's Brooch,教官的胸花
Instructor's Cap,教官的帽子
Instructor's Tea Cup,教官的茶杯
Lavawalker's Salvation,渡火者的解脱
Lavawalker's Torment,渡火者的煎熬
Lavawalker's Epiphany,渡火者的醒悟
Lavawalker's Wisdom,渡火者的智慧
Maiden's Distant Love,远方的少女之心
Maiden's Heart-stricken Infatuation,少女飘摇的思念
Maiden's Passing Youth,少女苦短的良辰
Maiden's Fleeting Leisure,少女片刻的闲暇
Maiden's Fading Beauty,少女易逝的芳颜
Martial Artist's Feather Accessory,武人的羽饰
Martial Artist's Wine Cup,武人的酒杯
Royal Flora,宗室之花
Royal Plume,宗室之翎
Royal Pocket Watch,宗室时计
Royal Silver Urn,宗室银瓮
Royal Masque,宗室面具
Stainless Bloom,无垢之花
Wise Doctor's Pinion,贤医之羽
Moment of Cessation,停摆之刻
Surpassing Cup,超越之盏
Mocking Mask,嗤笑之面
Summer Night's Bloom,夏祭之花
Summer Night's Finale,夏祭终末
Summer Night's Moment,夏祭之刻
Summer Night's Waterballoon,夏祭水玉
Summer Night's Mask,夏祭之面
Scholar's Clock,学士的时钟
Scholar's Bookmark,学士的书签
Scholar's Quill Pen,学士的羽笔
Scholar's Ink Cup,学士的墨杯
Scholar's Lens,学士的镜片
Morning Dew's Moment,朝露之时
Hopeful Heart,祈望之心
Capricious Visage,无常之面
Flower of Accolades,勋绩之花
Ceremonial War-Plume,昭武翎羽
Noble's Pledging Vessel,盟誓金爵
Thunderbird's Mercy,雷鸟的怜悯
Survivor of Catastrophe,雷灾的孑遗
Hourglass of Thunder,雷霆的时计
Omen of Thunderstorm,降雷的凶兆
Thunder Summoner's Crown,唤雷者的头冠
Thundersoother's Heart,平雷之心
Thundersoother's Plume,平雷之羽
Hour of Soothing Thunder,平雷之刻
Thundersoother's Goblet,平雷之器
Thundersoother's Diadem,平雷之冠
In Remembrance of Viridescent Fields,野花记忆的绿野
Viridescent Arrow Feather,猎人青翠的箭羽
Viridescent Venerer's Determination,翠绿猎人的笃定
Viridescent Venerer's Vessel,翠绿猎人的容器
Viridescent Venerer's Diadem,翠绿的猎人之冠
Concert's Final Hour,终幕的时计
Conductor's Top Hat,指挥的礼帽
Troupe's Dawnlight,乐团的晨光
Bard's Arrow Feather,琴师的箭羽
Wanderer's String-Kettle,吟游者之壶
Ruins of Thirsting Capital,渴水的废都
Fires of Purification,净化之炎
Windy Cliff,风涌的高崖
Realm of Slumber,沉睡之国
Dance of Steel,钢铁之舞
Elegaic Rime,告死之霜
Unyielding,不移
Spring,惊蛰
Tarry Among the Peach Blossoms,桃源逗留记
Voyage to the Sanguine Sky,霞蔚征涛记
Travels of the Moonlit Venturer,水月侠行记
Stone Chamber,岩牢
Frost,寒霜
Lucky Encounter in the Clouds,云蒸奇遇记
Earthshaking Dragon,摇撼山岳之龙
Circle of Embers,焚尽之环
Trial Grounds of Thunder,古雷试炼场
Reign of Violet,堇染之国
Thundering Valley,初雷幽谷
Vine-Infested Ruins,真葛废都
Sand Burial,流沙之葬
Tutelage: A Thousand Scrolls,稽古·千扉绘卷
Tutelage: Castle of Scrolls,稽古·御馆绘卷
Tutelage: King of Thieves,稽古·恶王亭
Tutelage: Umigozen's Mansion,稽古·御前府邸
Necropolis,骸馆
Duel to the Fiery Death,红莲的真剑试合
Memories: Guardian of Eternity,追忆：永恒的守护者
